"ID","PLAN_SCOPE","ITEM_CD","ITEM_NM","ITEM_TP_ID","UOM_ID","DESCRIP","DP_PLAN_YN","MIN_ORDER_SIZE","MAX_ORDER_SIZE","RTS","EOS","PARENT_ITEM_LV_ID","GRADE_YN","DISPLAY_COLOR","PARENT_ITEM_LV_ID_AD1","PARENT_ITEM_LV_ID_AD2","PARENT_ITEM_LV_ID_AD3","PRIORT","CLASS_VAL","GRADE","COV","ATTR_01","ATTR_02","ATTR_03","ATTR_04","ATTR_05","ATTR_06","ATTR_07","ATTR_08","ATTR_09","ATTR_10","ATTR_11","ATTR_12","ATTR_13","ATTR_14","ATTR_15","ATTR_16","ATTR_17","ATTR_18","ATTR_19","ATTR_20","ATTR_21","ATTR_22","ATTR_23","ATTR_24","ATTR_25","DEL_YN","CREATE_BY","CREATE_DTTM","MODIFY_BY","MODIFY_DTTM","GRADE_MODIFY_BY","GRADE_MODIFY_DTTM","BASE_UOM_ID","BASE_UOM_SCALE_FACTOR"
"00BF85167DCF4D6D94E9D814006522CD",DEFAULT,"9301934","9301934","3E8681F4FED24DFF975CD3A48EDA1055","3EDDA25D14F044639828D7BC06222597",,N,,,,,,N,#c6f7d3,,,,,,,,,,,,A,,,,,,,,,,,,,,,,,,,,,N,admin,1980-01-01 00:00:00.000,manager2,2024-03-16 16:28:10.200,sub,2023-05-02 07:28:55.483,,
"032144D7DEDD49B4BED2752D3CA8DE41",DEFAULT,"9302730","9302730","3E8681F4FED24DFF975CD3A48EDA1055","3EDDA25D14F044639828D7BC06222597",,N,,,,,,N,#f5fcc0,,,,,,,,,,,,S,,,,,,,,,,,,,,,,,,,,,N,admin,1980-01-01 00:00:00.000,manager2,2024-03-16 16:28:10.243,sub,2023-05-02 07:28:55.483,,
"03CDD27B30964CF7ADC47C6AF7B73B50",DEFAULT,"9302881","9302881","3E8681F4FED24DFF975CD3A48EDA1055","3EDDA25D14F044639828D7BC06222597",,N,,,,,,N,#fce3a9,,,,,,,,,,,,B,,,,,,,,,,,,,,,,,,,,,N,admin,1980-01-01 00:00:00.000,manager2,2024-03-16 16:28:10.270,sub,2023-05-02 07:28:55.483,,
"043351222D24411382082466340B08C5",DEFAULT,"43335","43335","2D4F3F5E00814B2381F452AD730AB25C","10DAF67FED0F41459216FAD276BD5006",,Y,,,,,O20180115093453536N366094183289N,Y,,T20210805160957813T576657420232T,,,,CZ,A,,Black,C,"5",,A,,,,,Item Group 4,,,,,B,Y,,,,,,,,,,N,admin,1980-01-01 00:00:00.000,manager1,2026-04-13 07:43:12.747,manager2,2024-09-12 02:16:19.823,,
"059406D7C6E645D8A4F3736609DF8CF9",DEFAULT,"1353379","1353379",C61A072671514AACAF334891639A817A,"10DAF67FED0F41459216FAD276BD5006",,N,,,,,,N,#a2f4fa,,,,,,,,,,,,A,,,,,,,,,,,,,,,,,,,,,N,admin,1980-01-01 00:00:00.000,manager2,2024-03-15 09:12:13.567,sub,2023-05-02 07:28:55.483,,
"0610AB5B0F054E6B8DD820F3A27D09FA",DEFAULT,"41660","41660","2D4F3F5E00814B2381F452AD730AB25C","10DAF67FED0F41459216FAD276BD5006",,Y,,,,,O20180115093250863O614186089071N,Y,,U20210805161009608T330049337587T,,,,BY,C,,Black,A,"2",,S,,,,,Item Group 2,,,,,A,X,,,,,,,,,,N,admin,1980-01-01 00:00:00.000,manager1,2026-04-13 07:43:12.617,sub,2023-05-02 07:28:55.483,,
"06FD5DDE5DE74C079305B0B0CB36B9E2",DEFAULT,"1353712","1353712",C61A072671514AACAF334891639A817A,"10DAF67FED0F41459216FAD276BD5006",,N,,,,,,N,#bba0fa,,,,,,,,,,,,A,,,,,,,,,,,,,,,,,,,,,N,admin,1980-01-01 00:00:00.000,manager2,2024-03-15 09:12:13.757,sub,2023-05-02 07:28:55.483,,
"08013DC577C4493EA01915B50B62C2B8",DEFAULT,"9302968","9302968","3E8681F4FED24DFF975CD3A48EDA1055","10DAF67FED0F41459216FAD276BD5006",,N,,,,,,N,#f197fc,,,,,,,,,,,,A,,,,,,,,,,,,,,,,,,,,,N,admin,1980-01-01 00:00:00.000,manager2,2024-03-16 16:28:10.283,sub,2023-05-02 07:28:55.483,,
"089A937727324C4CB65F55C572BE698D",DEFAULT,"42487","42487","2D4F3F5E00814B2381F452AD730AB25C","10DAF67FED0F41459216FAD276BD5006",,Y,,,,,O20180115093328536M292317791051M,Y,,T20210805160957813T576657420232T,,,,CY,S,,Black,C,"5",,A,,,,,Item Group 2,,,,,B,Y,,,,,,,,,,N,admin,1980-01-01 00:00:00.000,manager1,2026-04-13 07:43:12.650,sub,2023-05-02 07:28:55.483,,
"09D3491A22684985BA6D0B6AC57AD371",DEFAULT,"58819","58819","2D4F3F5E00814B2381F452AD730AB25C","54BD56125E6A480E808FC3D27B4BD4D4",,Y,,,,,N20180115093524352M317316025068M,Y,,U20210805161009608T330049337587T,,,,CZ,S,,Blue,C,"4",,A,,,,,Item Group 6,,,,,B,Z,,,,,,,,,,N,admin,1980-01-01 00:00:00.000,manager1,2026-04-13 07:43:12.807,manager2,2024-09-12 02:16:19.860,                                ,1000.000
"0A53C21EF1234C409DB00F936C9E69D0",DEFAULT,"1353054","1353054",C61A072671514AACAF334891639A817A,"10DAF67FED0F41459216FAD276BD5006",,N,,,,,,N,#c6f7d3,,,,,,,,Green,A,,,S,,,,,,,,,,,,,,,,,,,,,N,admin,1980-01-01 00:00:00.000,manager2,2024-03-16 16:27:16.083,sub,2023-05-02 07:28:55.483,,
"0A8A8B1FFC8443EB970DA73383F7CF3D",DEFAULT,"9302958","9302958","3E8681F4FED24DFF975CD3A48EDA1055","10DAF67FED0F41459216FAD276BD5006",,N,,,,,,N,#f5fcc0,,,,,,,,,,,,A,,,,,,,,,,,,,,,,,,,,,N,admin,1980-01-01 00:00:00.000,manager2,2024-03-16 16:28:10.280,sub,2023-05-02 07:28:55.483,,
"0B99B20CF8614021824F1D49A2F212F8",DEFAULT,"43042","43042","2D4F3F5E00814B2381F452AD730AB25C","10DAF67FED0F41459216FAD276BD5006",,Y,,,,,M20180115093415256N654290486137N,Y,,U20210805160931430T679358429981H,,,,CY,C,,Black,C,"18",,S,,,,,Item Group 3,,,,,B,Y,,,,,,,,,,N,admin,1980-01-01 00:00:00.000,manager1,2026-04-13 07:43:12.710,sub,2023-05-02 07:28:55.483,,
"0BC8F321EA5E4F5D84E371304589B78B",DEFAULT,"1353582","1353582",C61A072671514AACAF334891639A817A,"10DAF67FED0F41459216FAD276BD5006",,N,,,,,,N,#a4d9fc,,,,,,,,Green,A,,,C,,,,,,,,,,,,,,,,,,,,,N,admin,1980-01-01 00:00:00.000,manager2,2024-03-16 16:27:16.120,sub,2023-05-02 07:28:55.483,,
"0C07212182B645B5829E3DE723CBD121",DEFAULT,"9302808","9302808","3E8681F4FED24DFF975CD3A48EDA1055","10DAF67FED0F41459216FAD276BD5006",,N,,,,,,N,#a2f4fa,,,,,,,,,,,,B,,,,,,,,,,,,,,,,,,,,,N,admin,1980-01-01 00:00:00.000,manager2,2024-03-16 16:28:10.257,sub,2023-05-02 07:28:55.483,,
"0F6EF0DD32E646369A430310D637EC76",DEFAULT,"9303072","9303072","3E8681F4FED24DFF975CD3A48EDA1055","10DAF67FED0F41459216FAD276BD5006",,N,,,,,,N,#9cadf7,,,,,,,,,,,,A,,,,,,,,,,,,,,,,,,,,,N,admin,1980-01-01 00:00:00.000,manager2,2024-03-16 16:28:10.323,sub,2023-05-02 07:28:55.483,,
"110395C206E74C16B736F0D699306CFE",DEFAULT,"1353369(RM)","1353369(RM)","3E8681F4FED24DFF975CD3A48EDA1055","10DAF67FED0F41459216FAD276BD5006",,N,,,,,,N,#bba0fa,,,,,,,,,,,,A,,,,,,,,,,,,,,,,,,,,,N,admin,1980-01-01 00:00:00.000,manager2,2024-03-16 16:28:10.597,sub,2023-05-02 07:28:55.483,,
"110FA366C4A946C181ACA655B1A8D7C5",DEFAULT,"1353459","1353459",C61A072671514AACAF334891639A817A,"10DAF67FED0F41459216FAD276BD5006",,N,,,,,,N,#f197fc,,,,,,,,Green,A,,,S,,,,,,,,,,,,,,,,,,,,,N,admin,1980-01-01 00:00:00.000,manager2,2024-03-16 16:27:16.107,sub,2023-05-02 07:28:55.483,,
"1135BE3E50274E31903925773558760D",DEFAULT,"9303181","9303181","3E8681F4FED24DFF975CD3A48EDA1055","10DAF67FED0F41459216FAD276BD5006",,N,,,,,,N,#fc7eb3,,,,,,,,,,,,A,,,,,,,,,,,,,,,,,,,,,N,admin,1980-01-01 00:00:00.000,manager2,2024-03-16 16:28:10.590,sub,2023-05-02 07:28:55.483,,
"1212EC070F594A7EB1F15ECA7C938D2A",DEFAULT,"43604","43604","2D4F3F5E00814B2381F452AD730AB25C","10DAF67FED0F41459216FAD276BD5006",,Y,,,,,O20180115093453536N366094183289N,Y,,H20210805160947263H325301584715H,,,,CY,B,,Black,B,"5",,A,,,,,Item Group 5,,,,,C,Z,,,,,,,,,,N,admin,1980-01-01 00:00:00.000,manager1,2026-04-13 07:43:12.763,manager2,2024-09-12 02:16:19.837,,
"12D81F6C9DD948F0A3FDB59981C05E79",DEFAULT,"1353637","1353637",C61A072671514AACAF334891639A817A,"10DAF67FED0F41459216FAD276BD5006",,N,,,,,,N,#c6f7d3,,,,,,,,Gray,A,,,S,,,,,,,,,,,,,,,,,,,,,N,admin,1980-01-01 00:00:00.000,manager2,2024-03-16 16:27:16.127,sub,2023-05-02 07:28:55.483,,
"12F82D3CE5D74697A326287855782A02",DEFAULT,"1353449","1353449",C61A072671514AACAF334891639A817A,"10DAF67FED0F41459216FAD276BD5006",,N,,,,,,N,#f5fcc0,,,,,,,,,,,,S,,,,,,,,,,,,,,,,,,,,,N,admin,1980-01-01 00:00:00.000,manager2,2024-03-15 09:12:13.570,sub,2023-05-02 07:28:55.483,,
"13B675B3A8C64416AF1A766C6CCBA276",DEFAULT,"9302491","9302491","3E8681F4FED24DFF975CD3A48EDA1055","10DAF67FED0F41459216FAD276BD5006",,N,,,,,,N,#fce3a9,,,,,,,,,,,,S,,,,,,,,,,,,,,,,,,,,,N,admin,1980-01-01 00:00:00.000,manager2,2024-03-16 16:28:10.650,sub,2023-05-02 07:28:55.483,,
"13F957B15F5E4F9EA5ED43C63EAA9B07",DEFAULT,"9302863","9302863","3E8681F4FED24DFF975CD3A48EDA1055","10DAF67FED0F41459216FAD276BD5006",,N,,,,,,N,#a4d9fc,,,,,,,,,,,,A,,,,,,,,,,,,,,,,,,,,,N,admin,1980-01-01 00:00:00.000,manager2,2024-03-16 16:28:10.547,sub,2023-05-02 07:28:55.483,,
"1550526474704941A8358584CE79093C",DEFAULT,"9303138","9303138","3E8681F4FED24DFF975CD3A48EDA1055","10DAF67FED0F41459216FAD276BD5006",,N,,,,,,N,#a2f4fa,,,,,,,,,,,,S,,,,,,,,,,,,,,,,,,,,,N,admin,1980-01-01 00:00:00.000,manager2,2024-03-16 16:28:10.347,sub,2023-05-02 07:28:55.483,,
"1567163633414AA99923ECB9CE4129CF",DEFAULT,"1353223","1353223",C61A072671514AACAF334891639A817A,"10DAF67FED0F41459216FAD276BD5006",,N,,,,,,N,#9cadf7,,,,,,,,,,,,B,,,,,,,,,,,,,,,,,,,,,N,admin,1980-01-01 00:00:00.000,manager2,2024-03-15 09:12:13.533,sub,2023-05-02 07:28:55.483,,
"15F392B35DD24CB3A4E216F81076BB27",DEFAULT,"40048","40048","2D4F3F5E00814B2381F452AD730AB25C","10DAF67FED0F41459216FAD276BD5006",,Y,,,,,N20180115093144392M514942250218M,Y,,T20210805160957813T576657420232T,,,,CZ,A,,Black,B,"4",,S,,,,,Item Group 1,,,,,B,X,,,,,,,,,,N,admin,1980-01-01 00:00:00.000,manager1,2026-04-13 07:41:48.370,manager1,2025-10-01 01:26:48.487,,
"170FE550EEAA4F108BCCE66D98B3D08E",DEFAULT,"1353495","1353495",C61A072671514AACAF334891639A817A,"10DAF67FED0F41459216FAD276BD5006",,N,,,,,,N,#f197fc,,,,,,,,,,,,S,,,,,,,,,,,,,,,,,,,,,N,admin,1980-01-01 00:00:00.000,admin,2019-09-25 14:03:56.293,sub,2023-05-02 07:28:55.483,,
"1880B10D39144334AEC3EA7002461E15",DEFAULT,"9303060","9303060","3E8681F4FED24DFF975CD3A48EDA1055","10DAF67FED0F41459216FAD276BD5006",,N,,,,,,N,#fc7eb3,,,,,,,,,,,,S,,,,,,,,,,,,,,,,,,,,,N,admin,1980-01-01 00:00:00.000,manager2,2024-03-16 16:28:10.577,sub,2023-05-02 07:28:55.483,,
"18E58268BCCA4A579A4DD8E8F8DF895D",DEFAULT,"9303043","9303043","3E8681F4FED24DFF975CD3A48EDA1055","10DAF67FED0F41459216FAD276BD5006",,N,,,,,,N,#ccc8ca,,,,,,,,,,,,S,,,,,,,,,,,,,,,,,,,,,N,admin,1980-01-01 00:00:00.000,manager2,2024-03-16 16:28:10.317,sub,2023-05-02 07:28:55.483,,
"195CADB3360A44AAB1BADE7F02CABF41",DEFAULT,"1353526","1353526",C61A072671514AACAF334891639A817A,"10DAF67FED0F41459216FAD276BD5006",,N,,,,,,N,#c6f7d3,,,,,,,,,,,,A,,,,,,,,,,,,,,,,,,,,,N,admin,1980-01-01 00:00:00.000,admin,2019-09-25 14:03:56.327,sub,2023-05-02 07:28:55.483,,
"1B331678739D45F38254BB80E3FEDFA1",DEFAULT,"9302982","9302982","3E8681F4FED24DFF975CD3A48EDA1055","10DAF67FED0F41459216FAD276BD5006",,N,,,,,,N,#f5fcc0,,,,,,,,,,,,C,,,,,,,,,,,,,,,,,,,,,N,admin,1980-01-01 00:00:00.000,manager2,2024-03-16 16:28:10.293,sub,2023-05-02 07:28:55.483,,
"1B854BB79FB749E2A789DEE7F46D7105",DEFAULT,"1353652","1353652",C61A072671514AACAF334891639A817A,"10DAF67FED0F41459216FAD276BD5006",,N,,,,,,N,#fce3a9,,,,,,,,,,,,C,,,,,,,,,,,,,,,,,,,,,N,admin,1980-01-01 00:00:00.000,manager2,2024-03-15 09:12:13.737,sub,2023-05-02 07:28:55.483,,
"1C133188BF7F4A94AF59783E88028541",DEFAULT,"1353389","1353389",C61A072671514AACAF334891639A817A,"10DAF67FED0F41459216FAD276BD5006",,N,,,,,,N,#a4d9fc,,,,,,,,Green,A,,,S,,,,,,,,,,,,,,,,,,,,,N,admin,1980-01-01 00:00:00.000,manager2,2024-03-16 16:27:15.700,sub,2023-05-02 07:28:55.483,,
"1C403CBAA651459B88C86951C3BCFD2F",DEFAULT,"1353711","1353711",C61A072671514AACAF334891639A817A,"10DAF67FED0F41459216FAD276BD5006",,N,,,,,,N,#a2f4fa,,,,,,,,Gray,A,,,B,,,,,,,,,,,,,,,,,,,,,N,admin,1980-01-01 00:00:00.000,manager2,2024-03-16 16:27:16.140,sub,2023-05-02 07:28:55.483,,
"1CC01F4A9F5B4635A94FAD86DC7826F5",DEFAULT,"43313","43313","2D4F3F5E00814B2381F452AD730AB25C","10DAF67FED0F41459216FAD276BD5006",,Y,,,,2024-06-01 00:00:00.000,O20180115093453536N366094183289N,Y,,H20210805160947263H325301584715H,,,,CY,S,,Black,B,"4",,A,,,,,Item Group 4,,,,,B,Y,,,,,,,,,,N,admin,1980-01-01 00:00:00.000,manager1,2026-04-13 07:43:12.740,manager2,2024-09-12 02:16:19.820,,
"1CC731E808414991BEE971FECD996555",DEFAULT,"43480","43480","2D4F3F5E00814B2381F452AD730AB25C","10DAF67FED0F41459216FAD276BD5006",,Y,,,,,O20180115093453536N366094183289N,Y,,U20210805161009608T330049337587T,,,,CY,S,,Black,C,"4",,S,,,,,Item Group 5,,,,,B,Z,,,,,,,,,,N,admin,1980-01-01 00:00:00.000,manager1,2026-04-13 07:43:12.760,manager2,2024-09-12 02:16:19.830,,
"1D287BD4E52A45CC895A6C9C516A38C1",DEFAULT,"9301591","9301591","3E8681F4FED24DFF975CD3A48EDA1055","10DAF67FED0F41459216FAD276BD5006",,N,,,,,,N,#f197fc,,,,,,,,,,,,S,,,,,,,,,,,,,,,,,,,,,N,admin,1980-01-01 00:00:00.000,manager2,2024-03-16 16:28:10.640,sub,2023-05-02 07:28:55.483,,
"1DB8C095BAF94388B1D13973346B9481",DEFAULT,"43295","43295","2D4F3F5E00814B2381F452AD730AB25C","10DAF67FED0F41459216FAD276BD5006",,Y,,,,,M20180115093415256N654290486137N,Y,,T20210805160957813T576657420232T,,,,CZ,C,,Black,C,"18",,A,,,,,Item Group 4,,,,,B,X,,,,,,,,,,N,admin,1980-01-01 00:00:00.000,manager1,2026-04-13 07:43:12.737,manager2,2024-09-12 02:16:19.820,,
"1F5C93C7A64A49AC9E6F1EE0E16B0656",DEFAULT,"1353761","1353761",C61A072671514AACAF334891639A817A,"10DAF67FED0F41459216FAD276BD5006",,N,,,,,,N,#ccc8ca,,,,,,,,,,,,S,,,,,,,,,,,,,,,,,,,,,N,admin,1980-01-01 00:00:00.000,manager2,2024-03-15 09:12:13.760,sub,2023-05-02 07:28:55.483,,
"1FB2A47C39A74378BA565FE5E07DD27C",DEFAULT,"9302684","9302684","3E8681F4FED24DFF975CD3A48EDA1055","10DAF67FED0F41459216FAD276BD5006",,N,,,,,,N,#c6f7d3,,,,,,,,,,,,S,,,,,,,,,,,,,,,,,,,,,N,admin,1980-01-01 00:00:00.000,manager2,2024-03-16 16:28:10.657,sub,2023-05-02 07:28:55.483,,
"207E646601814857AA0177E8C6937A97",DEFAULT,"42488","42488","2D4F3F5E00814B2381F452AD730AB25C","10DAF67FED0F41459216FAD276BD5006",,Y,,,,,O20180115093328536M292317791051M,Y,,T20210805160957813T576657420232T,,,,AY,C,,Black,B,"4",,S,,,,,Item Group 3,,,,,A,X,,,,,,,,,,N,admin,1980-01-01 00:00:00.000,manager1,2026-04-13 07:43:12.653,sub,2023-05-02 07:28:55.483,,
"217FA564E1964B758F7B427FD02E0032",DEFAULT,"59303","59303","2D4F3F5E00814B2381F452AD730AB25C","54BD56125E6A480E808FC3D27B4BD4D4",,Y,,,,,N20180115093524352M317316025068M,Y,,H20210805160947263H325301584715H,,,,AY,A,,White,C,"4",,S,,,,,Item Group 6,,,,,B,Z,,,,,,,,,,N,admin,1980-01-01 00:00:00.000,manager1,2026-04-13 07:47:30.550,manager2,2024-09-12 02:16:19.867,                                ,
"231ABEF55EE84E9EB1EAA126B8685322",DEFAULT,"9303136","9303136","3E8681F4FED24DFF975CD3A48EDA1055","10DAF67FED0F41459216FAD276BD5006",,N,,,,,,N,#a4d9fc,,,,,,,,,,,,A,,,,,,,,,,,,,,,,,,,,,N,admin,1980-01-01 00:00:00.000,manager2,2024-03-16 16:28:10.587,sub,2023-05-02 07:28:55.483,,
"25C5C541D2974F31A2A4C53302CA933F",DEFAULT,"1353537","1353537",C61A072671514AACAF334891639A817A,"10DAF67FED0F41459216FAD276BD5006",,N,,,,,,N,#a2f4fa,,,,,,,,,,,,B,,,,,,,,,,,,,,,,,,,,,N,admin,1980-01-01 00:00:00.000,manager2,2024-03-15 09:12:13.577,sub,2023-05-02 07:28:55.483,,
"25FEF87B586642F785EEF28876A438FD",DEFAULT,"9302696","9302696","3E8681F4FED24DFF975CD3A48EDA1055","10DAF67FED0F41459216FAD276BD5006",,N,,,,,,N,#9cadf7,,,,,,,,,,,,A,,,,,,,,,,,,,,,,,,,,,N,admin,1980-01-01 00:00:00.000,manager2,2024-03-16 16:28:10.240,sub,2023-05-02 07:28:55.483,,
"26362EC6BE604948AF00E2EDE5D08DC6",DEFAULT,"1353762","1353762",C61A072671514AACAF334891639A817A,"10DAF67FED0F41459216FAD276BD5006",,N,,,,,,N,#bba0fa,,,,,,,,Gray,A,,,S,,,,,,,,,,,,,,,,,,,,,N,admin,1980-01-01 00:00:00.000,manager2,2024-03-16 16:27:16.147,sub,2023-05-02 07:28:55.483,,
"266CB56F428D4F9AB13BA25EA7D714C2",DEFAULT,"42417","42417","2D4F3F5E00814B2381F452AD730AB25C","10DAF67FED0F41459216FAD276BD5006",,Y,,,,,O20180115093328536M292317791051M,Y,,T20210805160957813T576657420232T,,,,CZ,S,,Black,B,"18",,A,,,,,Item Group 2,,,,,C,X,,,,,,,,,,N,admin,1980-01-01 00:00:00.000,manager1,2026-04-13 07:43:12.640,sub,2023-05-02 07:28:55.483,,
"2752F05CBB404DC089022D6BB548FE36",DEFAULT,"9302733","9302733","3E8681F4FED24DFF975CD3A48EDA1055","10DAF67FED0F41459216FAD276BD5006",,N,,,,,,N,#fc7eb3,,,,,,,,,,,,S,,,,,,,,,,,,,,,,,,,,,N,admin,1980-01-01 00:00:00.000,manager2,2024-03-16 16:28:10.243,sub,2023-05-02 07:28:55.483,,
"295570997A4C4FE8BC8B1AFC5A61E276",DEFAULT,"9303038","9303038","3E8681F4FED24DFF975CD3A48EDA1055","10DAF67FED0F41459216FAD276BD5006",,N,,,,,,N,#ccc8ca,,,,,,,,,,,,S,,,,,,,,,,,,,,,,,,,,,N,admin,1980-01-01 00:00:00.000,manager2,2024-03-16 16:28:10.567,sub,2023-05-02 07:28:55.483,,
"2B23968330FF44F080170B382F88CBA0",DEFAULT,"42872","42872","2D4F3F5E00814B2381F452AD730AB25C","10DAF67FED0F41459216FAD276BD5006",,Y,,,,,O20180115093328536M292317791051M,Y,,U20210805160931430T679358429981H,,,,CY,B,,Black,A,"5",,A,,,,,Item Group 3,,,,,C,X,,,,,,,,,,N,admin,1980-01-01 00:00:00.000,manager1,2026-04-13 07:43:12.687,sub,2023-05-02 07:28:55.483,,
"2B5E156A5029452BAC1E15459F0DBB34",DEFAULT,"9302854","9302854","3E8681F4FED24DFF975CD3A48EDA1055","10DAF67FED0F41459216FAD276BD5006",,N,,,,,,N,#f5fcc0,,,,,,,,,,,,A,,,,,,,,,,,,,,,,,,,,,N,admin,1980-01-01 00:00:00.000,manager2,2024-03-16 16:28:10.263,sub,2023-05-02 07:28:55.483,,
"2DC61F6041E74FB5A49F89341C639EA7",DEFAULT,"1353660","1353660",C61A072671514AACAF334891639A817A,"10DAF67FED0F41459216FAD276BD5006",,N,,,,,,N,#fce3a9,,,,,,,,,,,,A,,,,,,,,,,,,,,,,,,,,,N,admin,1980-01-01 00:00:00.000,manager2,2024-03-15 09:12:13.740,sub,2023-05-02 07:28:55.483,,
"2DF052844ACB47209608E2CBF953E3C1",DEFAULT,"1353539","1353539",C61A072671514AACAF334891639A817A,"10DAF67FED0F41459216FAD276BD5006",,N,,,,,,N,#a4d9fc,,,,,,,,Green,A,,,S,,,,,,,,,,,,,,,,,,,,,N,admin,1980-01-01 00:00:00.000,manager2,2024-03-16 16:27:16.110,sub,2023-05-02 07:28:55.483,,
"2DF3C00148784E42A3B380E95A51BECE",DEFAULT,"1353499","1353499",C61A072671514AACAF334891639A817A,"10DAF67FED0F41459216FAD276BD5006",,N,,,,,,N,#a2f4fa,,,,,,,,Green,A,,,S,,,,,,,,,,,,,,,,,,,,,N,admin,1980-01-01 00:00:00.000,manager2,2024-03-16 16:27:16.110,sub,2023-05-02 07:28:55.483,,
"2E8FC08103D34C2AA8935DF1EEE4DAE2",DEFAULT,"1353557","1353557",C61A072671514AACAF334891639A817A,"10DAF67FED0F41459216FAD276BD5006",,N,,,,,,N,#9cadf7,,,,,,,,,,,,C,,,,,,,,,,,,,,,,,,,,,N,admin,1980-01-01 00:00:00.000,admin,2019-09-25 14:03:56.360,sub,2023-05-02 07:28:55.483,,
"2ED2C1757F844298BBC53C15550E79AF",DEFAULT,"9302973","9302973","3E8681F4FED24DFF975CD3A48EDA1055","10DAF67FED0F41459216FAD276BD5006",,N,,,,,,N,#bba0fa,,,,,,,,,,,,A,,,,,,,,,,,,,,,,,,,,,N,admin,1980-01-01 00:00:00.000,manager2,2024-03-16 16:28:10.290,sub,2023-05-02 07:28:55.483,,
"304369C4C2E344C5B70362A31AB2F7A6",DEFAULT,"9302483","9302483","3E8681F4FED24DFF975CD3A48EDA1055","10DAF67FED0F41459216FAD276BD5006",,N,,,,,,N,#f197fc,,,,,,,,,,,,A,,,,,,,,,,,,,,,,,,,,,N,admin,1980-01-01 00:00:00.000,manager2,2024-03-16 16:28:10.217,sub,2023-05-02 07:28:55.483,,
"30C6D4BBF37246368E6C77E7EE295A7B",DEFAULT,"1353671","1353671",C61A072671514AACAF334891639A817A,"10DAF67FED0F41459216FAD276BD5006",,N,,,,,,N,#fc7eb3,,,,,,,,Gray,A,,,C,,,,,,,,,,,,,,,,,,,,,N,admin,1980-01-01 00:00:00.000,manager2,2024-03-16 16:27:16.133,sub,2023-05-02 07:28:55.483,,
"33C16625750445B2AF36F8E1148837A8",DEFAULT,"1353596","1353596",C61A072671514AACAF334891639A817A,"10DAF67FED0F41459216FAD276BD5006",,N,,,,,,N,#ccc8ca,,,,,,,,Gray,A,,,B,,,,,,,,,,,,,,,,,,,,,N,admin,1980-01-01 00:00:00.000,manager2,2024-03-16 16:27:16.127,sub,2023-05-02 07:28:55.483,,
"33C3C52FACDB44D4AC367795685AE842",DEFAULT,"43643","43643","2D4F3F5E00814B2381F452AD730AB25C","54BD56125E6A480E808FC3D27B4BD4D4",,Y,,,,,N20180115093524352M317316025068M,Y,,H20210805160947263H325301584715H,,,,CY,B,,White,C,"18",,S,,,,,Item Group 6,,,,,B,Y,,,,,,,,,,N,admin,1980-01-01 00:00:00.000,manager1,2026-04-13 07:43:12.787,manager2,2024-09-12 02:16:19.853,                                ,1000.000
"34007FCFA82D4A87950E4157A7BD6552",DEFAULT,"9303090","9303090","3E8681F4FED24DFF975CD3A48EDA1055","10DAF67FED0F41459216FAD276BD5006",,N,,,,,,N,#f5fcc0,,,,,,,,,,,,A,,,,,,,,,,,,,,,,,,,,,N,admin,1980-01-01 00:00:00.000,manager2,2024-03-16 16:28:10.340,sub,2023-05-02 07:28:55.483,,
"3468D8AE97D14B9EA9EECF5EFB3DB860",DEFAULT,"43641","43641","2D4F3F5E00814B2381F452AD730AB25C","54BD56125E6A480E808FC3D27B4BD4D4",,Y,,,,,N20180115093524352M317316025068M,Y,,U20210805160931430T679358429981H,,,,CX,C,,White,B,"18",,S,,,,,Item Group 5,,,,,B,X,,,,,,,,,,N,admin,1980-01-01 00:00:00.000,manager1,2026-04-13 07:43:12.780,manager2,2024-09-12 02:16:19.850,                                ,500.000
"352B994260FF4D98A9B3F7B8258DB704",DEFAULT,"1353496","1353496",C61A072671514AACAF334891639A817A,"10DAF67FED0F41459216FAD276BD5006",,N,,,,,,N,#a4d9fc,,,,,,,,,,,,A,,,,,,,,,,,,,,,,,,,,,N,admin,1980-01-01 00:00:00.000,manager2,2024-03-15 09:12:13.570,sub,2023-05-02 07:28:55.483,,
"3601B4A0A7C5435B95DEC6079CAE8035",DEFAULT,"9302798","9302798","3E8681F4FED24DFF975CD3A48EDA1055","10DAF67FED0F41459216FAD276BD5006",,N,,,,,,N,#a2f4fa,,,,,,,,,,,,B,,,,,,,,,,,,,,,,,,,,,N,admin,1980-01-01 00:00:00.000,manager2,2024-03-16 16:28:10.250,sub,2023-05-02 07:28:55.483,,
"3704260960984BB481CA9A668AE32D2D",DEFAULT,"9302874","9302874","3E8681F4FED24DFF975CD3A48EDA1055","10DAF67FED0F41459216FAD276BD5006",,N,,,,,,N,#9cadf7,,,,,,,,,,,,C,,,,,,,,,,,,,,,,,,,,,N,admin,1980-01-01 00:00:00.000,manager2,2024-03-16 16:27:15.920,sub,2023-05-02 07:28:55.483,,
"37233567796E49B5BD342BD7A8957FCF",DEFAULT,"1353451","1353451",C61A072671514AACAF334891639A817A,"10DAF67FED0F41459216FAD276BD5006",,N,,,,,,N,#bba0fa,,,,,,,,Green,A,,,A,,,,,,,,,,,,,,,,,,,,,N,admin,1980-01-01 00:00:00.000,manager2,2024-03-16 16:27:16.100,sub,2023-05-02 07:28:55.483,,
"37360F934A1D414A8B70ED8C99381C48",DEFAULT,"1353535","1353535",C61A072671514AACAF334891639A817A,"10DAF67FED0F41459216FAD276BD5006",,N,,,,,,N,#f197fc,,,,,,,,,,,,A,,,,,,,,,,,,,,,,,,,,,N,admin,1980-01-01 00:00:00.000,admin,2019-09-25 14:03:56.340,sub,2023-05-02 07:28:55.483,,
"37916AE2CB04443FB0505CA125E18399",DEFAULT,"42937","42937","2D4F3F5E00814B2381F452AD730AB25C","10DAF67FED0F41459216FAD276BD5006",,Y,,,,,O20180115093328536M292317791051M,Y,,T20210805160957813T576657420232T,,,,BZ,A,,Blue,C,"4",,A,,,,,Item Group 3,,,,,C,Y,,,,,,,,,,N,admin,1980-01-01 00:00:00.000,manager1,2026-04-13 07:43:12.697,sub,2023-05-02 07:28:55.483,,
"38721B2C06CB4A8098670DCC72DF0873",DEFAULT,"1353591","1353591",C61A072671514AACAF334891639A817A,"10DAF67FED0F41459216FAD276BD5006",,N,,,,,,N,#ccc8ca,,,,,,,,,,,,B,,,,,,,,,,,,,,,,,,,,,N,admin,1980-01-01 00:00:00.000,manager2,2024-03-15 09:12:13.703,sub,2023-05-02 07:28:55.483,,
"38CE7CBF4E6946EA8122977CD41EF94C",DEFAULT,"1353713","1353713",C61A072671514AACAF334891639A817A,"10DAF67FED0F41459216FAD276BD5006",,N,,,,,,N,#c6f7d3,,,,,,,,Gray,A,,,C,,,,,,,,,,,,,,,,,,,,,N,admin,1980-01-01 00:00:00.000,manager2,2024-03-16 16:27:16.140,sub,2023-05-02 07:28:55.483,,
"38DC2A4B5E1140DEAE448D49D73B43DD",DEFAULT,"1353672","1353672",C61A072671514AACAF334891639A817A,"10DAF67FED0F41459216FAD276BD5006",,N,,,,,,N,#f5fcc0,,,,,,,,,,,,S,,,,,,,,,,,,,,,,,,,,,N,admin,1980-01-01 00:00:00.000,manager2,2024-03-15 09:12:13.597,sub,2023-05-02 07:28:55.483,,
"3940A70996CB40B9B3B966F006543449",DEFAULT,"9302723","9302723","3E8681F4FED24DFF975CD3A48EDA1055","10DAF67FED0F41459216FAD276BD5006",,N,,,,,,N,#fce3a9,,,,,,,,,,,,A,,,,,,,,,,,,,,,,,,,,,N,admin,1980-01-01 00:00:00.000,manager2,2024-03-16 16:28:10.520,sub,2023-05-02 07:28:55.483,,
"3950C25D1F1D40EB832343CADDDD1FF8",DEFAULT,"9303106","9303106","3E8681F4FED24DFF975CD3A48EDA1055","10DAF67FED0F41459216FAD276BD5006",,N,,,,,,N,#a4d9fc,,,,,,,,,,,,A,,,,,,,,,,,,,,,,,,,,,N,admin,1980-01-01 00:00:00.000,manager2,2024-03-16 16:27:16.043,sub,2023-05-02 07:28:55.483,,
"3C0C1FC88B0B4D8C8D297345116C8EFC",DEFAULT,"9302970","9302970","3E8681F4FED24DFF975CD3A48EDA1055","10DAF67FED0F41459216FAD276BD5006",,N,,,,,,N,#a2f4fa,,,,,,,,,,,,B,,,,,,,,,,,,,,,,,,,,,N,admin,1980-01-01 00:00:00.000,manager2,2024-03-16 16:28:10.667,sub,2023-05-02 07:28:55.483,,
"3E70D554906A403AA59F0C38F7C0165B",DEFAULT,"9303041","9303041","3E8681F4FED24DFF975CD3A48EDA1055","10DAF67FED0F41459216FAD276BD5006",,N,,,,,,N,#9cadf7,,,,,,,,,,,,S,,,,,,,,,,,,,,,,,,,,,N,admin,1980-01-01 00:00:00.000,manager2,2024-03-16 16:28:10.310,sub,2023-05-02 07:28:55.483,,
"3F12E91DBF3640E2ACC09293E71E30C7",DEFAULT,"9303115","9303115","3E8681F4FED24DFF975CD3A48EDA1055","10DAF67FED0F41459216FAD276BD5006",,N,,,,,,N,#bba0fa,,,,,,,,,,,,S,,,,,,,,,,,,,,,,,,,,,N,admin,1980-01-01 00:00:00.000,manager2,2024-03-16 16:28:10.673,sub,2023-05-02 07:28:55.483,,
"40E8A70D0492423ABAF3B4611D644FE8",DEFAULT,"9303148","9303148","3E8681F4FED24DFF975CD3A48EDA1055","10DAF67FED0F41459216FAD276BD5006",,N,,,,,,N,#f197fc,,,,,,,,,,,,A,,,,,,,,,,,,,,,,,,,,,N,admin,1980-01-01 00:00:00.000,manager2,2024-03-16 16:28:10.367,sub,2023-05-02 07:28:55.483,,
"4139878493A34142977E17E73F273409",DEFAULT,"9302691","9302691","3E8681F4FED24DFF975CD3A48EDA1055","10DAF67FED0F41459216FAD276BD5006",,N,,,,,,N,#fc7eb3,,,,,,,,,,,,S,,,,,,,,,,,,,,,,,,,,,N,admin,1980-01-01 00:00:00.000,manager2,2024-03-16 16:28:10.237,sub,2023-05-02 07:28:55.483,,
"4245D430BDDB4D119A87F1987A2B8242",DEFAULT,"9303040","9303040","3E8681F4FED24DFF975CD3A48EDA1055","10DAF67FED0F41459216FAD276BD5006",,N,,,,,,N,#ccc8ca,,,,,,,,,,,,S,,,,,,,,,,,,,,,,,,,,,N,admin,1980-01-01 00:00:00.000,manager2,2024-03-16 16:28:10.570,sub,2023-05-02 07:28:55.483,,
"427C0177BD1142C6ABA081D6F3A117C4",DEFAULT,"1352855","1352855",C61A072671514AACAF334891639A817A,"10DAF67FED0F41459216FAD276BD5006",,N,,,,,N20180115093144392M514942250218M,N,#c6f7d3,,,,,,,,,,,,S,,,,,,,,,,,,,,,,,,,,,N,admin,1980-01-01 00:00:00.000,manager2,2024-03-15 09:12:13.523,sub,2023-05-02 07:28:55.483,,
"43020BDB4C164B8B963E52448E1D0D13",DEFAULT,"42722","42722","2D4F3F5E00814B2381F452AD730AB25C","10DAF67FED0F41459216FAD276BD5006",,Y,,,,,O20180115093328536M292317791051M,Y,,U20210805160931430T679358429981H,,,,AZ,B,,Black,C,"4",,S,,,,,Item Group 3,,,,,B,Z,,,,,,,,,,N,admin,1980-01-01 00:00:00.000,manager1,2026-04-13 07:43:12.667,sub,2023-05-02 07:28:55.483,,
"4483C2DA7DEC4147AF173BFEA0846F0B",DEFAULT,"1353593","1353593",C61A072671514AACAF334891639A817A,"10DAF67FED0F41459216FAD276BD5006",,N,,,,,,N,#fce3a9,,,,,,,,,,,,A,,,,,,,,,,,,,,,,,,,,,N,admin,1980-01-01 00:00:00.000,manager2,2024-03-15 09:12:13.583,sub,2023-05-02 07:28:55.483,,
"452B32F36E7140B8942334000F87C4D0",DEFAULT,"1353221","1353221",C61A072671514AACAF334891639A817A,"10DAF67FED0F41459216FAD276BD5006",,N,,,,,,N,#a4d9fc,,,,,,,,,,,,S,,,,,,,,,,,,,,,,,,,,,N,admin,1980-01-01 00:00:00.000,,,sub,2023-05-02 07:28:55.483,,
"453BF3BA16E74C82A684EC81E8F5ED44",DEFAULT,"9303104","9303104","3E8681F4FED24DFF975CD3A48EDA1055","10DAF67FED0F41459216FAD276BD5006",,N,,,,,,N,#a2f4fa,,,,,,,,,,,,A,,,,,,,,,,,,,,,,,,,,,N,admin,1980-01-01 00:00:00.000,manager2,2024-03-16 16:28:10.583,sub,2023-05-02 07:28:55.483,,
"45A9D2706A5241DAB6A82D3790215A0A",DEFAULT,"9302969","9302969","3E8681F4FED24DFF975CD3A48EDA1055","10DAF67FED0F41459216FAD276BD5006",,N,,,,,,N,#9cadf7,,,,,,,,,,,,S,,,,,,,,,,,,,,,,,,,,,N,admin,1980-01-01 00:00:00.000,manager2,2024-03-16 16:28:10.283,sub,2023-05-02 07:28:55.483,,
"4655F165B64C46B2B4193A9A1512AF17",DEFAULT,"1353752","1353752",C61A072671514AACAF334891639A817A,"10DAF67FED0F41459216FAD276BD5006",,N,,,,,,N,#bba0fa,,,,,,,,,,,,S,,,,,,,,,,,,,,,,,,,,,N,admin,1980-01-01 00:00:00.000,manager2,2024-03-15 09:12:13.600,sub,2023-05-02 07:28:55.483,,
"495825AF5CE1435C8F5957926B5B5CA7",DEFAULT,"1353510(RM)","1353510(RM)","3E8681F4FED24DFF975CD3A48EDA1055","10DAF67FED0F41459216FAD276BD5006",,N,,,,,,N,#f197fc,,,,,,,,,,,,A,,,,,,,,,,,,,,,,,,,,,N,admin,1980-01-01 00:00:00.000,manager2,2024-03-16 16:28:10.603,sub,2023-05-02 07:28:55.483,,
"4A73B122A1DB4EC894A7230CC61FF161",DEFAULT,"1353594","1353594",C61A072671514AACAF334891639A817A,"10DAF67FED0F41459216FAD276BD5006",,N,,,,,,N,#fc7eb3,,,,,,,,,,,,A,,,,,,,,,,,,,,,,,,,,,N,admin,1980-01-01 00:00:00.000,,,sub,2023-05-02 07:28:55.483,,
"4C4845FFD26B4AC98B6113EB2926CB41",DEFAULT,"1353710","1353710",C61A072671514AACAF334891639A817A,"10DAF67FED0F41459216FAD276BD5006",,N,,,,,,N,#ccc8ca,,,,,,,,,,,,B,,,,,,,,,,,,,,,,,,,,,N,admin,1980-01-01 00:00:00.000,manager2,2024-03-15 09:12:13.753,sub,2023-05-02 07:28:55.483,,
"4D036C5ECCF245ADBEC8D66CF98201AC",DEFAULT,"9302727","9302727","3E8681F4FED24DFF975CD3A48EDA1055","10DAF67FED0F41459216FAD276BD5006",,N,,,,,,N,#c6f7d3,,,,,,,,,,,,A,,,,,,,,,,,,,,,,,,,,,N,admin,1980-01-01 00:00:00.000,manager2,2024-03-16 16:28:10.240,sub,2023-05-02 07:28:55.483,,
"4E09F1A22860461F8CC36303BCC0BE81",DEFAULT,"43622","43622","2D4F3F5E00814B2381F452AD730AB25C","54BD56125E6A480E808FC3D27B4BD4D4",,Y,,,,,N20180115093524352M317316025068M,Y,,U20210805160931430T679358429981H,,,,CZ,A,,White,C,"4",,S,,,,,Item Group 5,,,,,B,X,,,,,,,,,,N,admin,1980-01-01 00:00:00.000,manager1,2026-04-13 07:43:12.773,manager2,2024-09-12 02:16:19.843,                                ,500.000
"50DB04C8D5D54C82B83C280D160D5585",DEFAULT,"9302967","9302967","3E8681F4FED24DFF975CD3A48EDA1055","10DAF67FED0F41459216FAD276BD5006",,N,,,,,,N,#fce3a9,,,,,,,,,,,,S,,,,,,,,,,,,,,,,,,,,,N,admin,1980-01-01 00:00:00.000,manager2,2024-03-16 16:28:10.553,sub,2023-05-02 07:28:55.483,,
"510AAD792B6E464A87CC52843C603F20",DEFAULT,"9302630","9302630","3E8681F4FED24DFF975CD3A48EDA1055","10DAF67FED0F41459216FAD276BD5006",,N,,,,,,N,#a4d9fc,,,,,,,,,,,,S,,,,,,,,,,,,,,,,,,,,,N,admin,1980-01-01 00:00:00.000,manager2,2024-03-16 16:28:10.233,sub,2023-05-02 07:28:55.483,,
"514F77261CDC47ABAFBE2A84EE319303",DEFAULT,"9302908","9302908","3E8681F4FED24DFF975CD3A48EDA1055","10DAF67FED0F41459216FAD276BD5006",,N,,,,,,N,#a2f4fa,,,,,,,,,,,,A,,,,,,,,,,,,,,,,,,,,,N,admin,1980-01-01 00:00:00.000,manager2,2024-03-16 16:28:10.550,sub,2023-05-02 07:28:55.483,,
"51A4C0D5900940E8AFBC1563FF09871F",DEFAULT,"9302983","9302983","3E8681F4FED24DFF975CD3A48EDA1055","10DAF67FED0F41459216FAD276BD5006",,N,,,,,,N,#9cadf7,,,,,,,,,,,,C,,,,,,,,,,,,,,,,,,,,,N,admin,1980-01-01 00:00:00.000,manager2,2024-03-16 16:28:10.297,sub,2023-05-02 07:28:55.483,,
"54BE6567005F4DE7BFFA5CDB45D10B50",DEFAULT,"9303149","9303149","3E8681F4FED24DFF975CD3A48EDA1055","10DAF67FED0F41459216FAD276BD5006",,N,,,,,,N,#bba0fa,,,,,,,,,,,,A,,,,,,,,,,,,,,,,,,,,,N,admin,1980-01-01 00:00:00.000,manager2,2024-03-16 16:28:10.370,sub,2023-05-02 07:28:55.483,,
"54D4AEE7EEB143A98A0940320A990160",DEFAULT,"1353591(RM)","1353591(RM)","3E8681F4FED24DFF975CD3A48EDA1055","10DAF67FED0F41459216FAD276BD5006",,N,,,,,,N,#f197fc,,,,,,,,,,,,A,,,,,,,,,,,,,,,,,,,,,N,admin,1980-01-01 00:00:00.000,manager2,2024-03-16 16:28:10.607,sub,2023-05-02 07:28:55.483,,
"553F0837582944288D1BBF1CC8022857",DEFAULT,"1353652(RM)","1353652(RM)","3E8681F4FED24DFF975CD3A48EDA1055","10DAF67FED0F41459216FAD276BD5006",,N,,,,,,N,#fc7eb3,,,,,,,,,,,,A,,,,,,,,,,,,,,,,,,,,,N,admin,1980-01-01 00:00:00.000,manager2,2024-03-16 16:28:10.623,sub,2023-05-02 07:28:55.483,,
"559075EBEFA241D09032FD37094B3ED4",DEFAULT,"43004","43004","2D4F3F5E00814B2381F452AD730AB25C","10DAF67FED0F41459216FAD276BD5006",,Y,,,,2024-06-01 00:00:00.000,M20180115093415256N654290486137N,Y,,H20210805160947263H325301584715H,,,,CY,C,,Blue,C,"62",,S,,,,,Item Group 3,,,,,C,Y,,,,,,,,,,N,admin,1980-01-01 00:00:00.000,manager1,2026-04-13 07:43:12.707,sub,2023-05-02 07:28:55.483,,
"5651552B93E6497FA7E9C336EDE0BD17",DEFAULT,"1353763","1353763",C61A072671514AACAF334891639A817A,"10DAF67FED0F41459216FAD276BD5006",,N,,,,,,N,#c6f7d3,,,,,,,,,,,,A,,,,,,,,,,,,,,,,,,,,,N,admin,1980-01-01 00:00:00.000,manager2,2024-03-15 09:12:13.763,sub,2023-05-02 07:28:55.483,,
"5682F1FD02484BA6B4645840629DE2A6",DEFAULT,"9302722","9302722","3E8681F4FED24DFF975CD3A48EDA1055","10DAF67FED0F41459216FAD276BD5006",,N,,,,,,N,#f5fcc0,,,,,,,,,,,,S,,,,,,,,,,,,,,,,,,,,,N,admin,1980-01-01 00:00:00.000,manager2,2024-03-16 16:28:10.660,sub,2023-05-02 07:28:55.483,,
"577CC0AB1B604BC6A131806F062A7E17",DEFAULT,"1353381","1353381",C61A072671514AACAF334891639A817A,"10DAF67FED0F41459216FAD276BD5006",,N,,,,,,N,#fce3a9,,,,,,,,Green,A,,,A,,,,,,,,,,,,,,,,,,,,,N,admin,1980-01-01 00:00:00.000,manager2,2024-03-16 16:27:16.090,sub,2023-05-02 07:28:55.483,,
"58389306EC90411BB2CDF592DCEF6C12",DEFAULT,"1353333","1353333",C61A072671514AACAF334891639A817A,"10DAF67FED0F41459216FAD276BD5006",,N,,,,,,N,,,,,,,,,,,,,A,,,,,,,,,,,,,,,,,,,,,N,admin,1980-01-01 00:00:00.000,manager2,2024-03-15 09:12:13.673,sub,2023-05-02 07:28:55.483,,
"585DC3301D234C4D8E4C2E6DB8820201",DEFAULT,"41339","41339","2D4F3F5E00814B2381F452AD730AB25C","10DAF67FED0F41459216FAD276BD5006",,Y,,,2024-08-01 00:00:00.000,,O20180115093250863O614186089071N,Y,,U20210805161009608T330049337587T,,,,CY,C,,Black,A,"5",,S,,,,,Item Group 1,,,,,C,X,,,,,,,,,,N,admin,1980-01-01 00:00:00.000,manager1,2026-04-13 07:43:12.603,sub,2023-05-02 07:28:55.483,,
"58645AF3D5EF46E699F24B00C2268635",DEFAULT,"1353663","1353663",C61A072671514AACAF334891639A817A,"10DAF67FED0F41459216FAD276BD5006",,N,,,,,,N,#9cadf7,,,,,,,,,,,,A,,,,,,,,,,,,,,,,,,,,,N,admin,1980-01-01 00:00:00.000,manager2,2024-03-15 09:12:13.593,sub,2023-05-02 07:28:55.483,,
"594AF49AD062486395E542EDB3DAF44A",DEFAULT,"1352853","1352853",C61A072671514AACAF334891639A817A,"10DAF67FED0F41459216FAD276BD5006",,N,,,,,N20180115093144392M514942250218M,N,#bba0fa,,,,,,,,,,,,S,,,,,,,,,,,,,,,,,,,,,N,admin,1980-01-01 00:00:00.000,manager2,2024-03-15 09:12:13.520,sub,2023-05-02 07:28:55.483,,
"598B81DFD6504BC8854C48EE47F9B92E",DEFAULT,"43049","43049","2D4F3F5E00814B2381F452AD730AB25C","10DAF67FED0F41459216FAD276BD5006",,Y,,,,,M20180115093415256N654290486137N,Y,,U20210805161009608T330049337587T,,,,CZ,A,,Black,B,"4",,S,,,,,Item Group 3,,,,,B,Y,,,,,,,,,,N,admin,1980-01-01 00:00:00.000,manager1,2026-04-13 07:43:12.713,sub,2023-05-02 07:28:55.483,,
"5A11541B4C6E415F805AE1C82C93F9FC",DEFAULT,"9303061","9303061","3E8681F4FED24DFF975CD3A48EDA1055","10DAF67FED0F41459216FAD276BD5006",,N,,,,,,N,#fc7eb3,,,,,,,,,,,,B,,,,,,,,,,,,,,,,,,,,,N,admin,1980-01-01 00:00:00.000,manager2,2024-03-16 16:28:10.320,sub,2023-05-02 07:28:55.483,,
"5A716B7430344E0A9DAD53C70B00A31A",DEFAULT,"9303140","9303140","3E8681F4FED24DFF975CD3A48EDA1055","10DAF67FED0F41459216FAD276BD5006",,N,,,,,,N,#ccc8ca,,,,,,,,,,,,B,,,,,,,,,,,,,,,,,,,,,N,admin,1980-01-01 00:00:00.000,manager2,2024-03-16 16:28:10.347,sub,2023-05-02 07:28:55.483,,
"5AD6B4F869AB4BAE85FDBDCC72B5E04C",DEFAULT,"9302984","9302984","3E8681F4FED24DFF975CD3A48EDA1055","10DAF67FED0F41459216FAD276BD5006",,N,,,,,,N,#c6f7d3,,,,,,,,,,,,S,,,,,,,,,,,,,,,,,,,,,N,admin,1980-01-01 00:00:00.000,manager2,2024-03-16 16:28:10.297,sub,2023-05-02 07:28:55.483,,
"5AE01CCA5255404F87F6883B02D9C02C",DEFAULT,"9303139","9303139","3E8681F4FED24DFF975CD3A48EDA1055","10DAF67FED0F41459216FAD276BD5006",,N,,,,,,N,#f5fcc0,,,,,,,,,,,,B,,,,,,,,,,,,,,,,,,,,,N,admin,1980-01-01 00:00:00.000,manager2,2024-03-16 16:28:10.680,sub,2023-05-02 07:28:55.483,,
"5CAE1E2874C3427CB6250A732375419C",DEFAULT,"1352852","1352852",C61A072671514AACAF334891639A817A,"10DAF67FED0F41459216FAD276BD5006",,N,,,,,N20180115093144392M514942250218M,N,#fce3a9,,,,,,,,,,,,B,,,,,,,,,,,,,,,,,,,,,N,admin,1980-01-01 00:00:00.000,sub,2022-12-12 15:19:37.873,sub,2023-05-02 07:28:55.483,,
"5CD0AFD21A884F40ACA3968D4C5D4D04",DEFAULT,"9302741","9302741","3E8681F4FED24DFF975CD3A48EDA1055","10DAF67FED0F41459216FAD276BD5006",,N,,,,,,N,#a4d9fc,,,,,,,,,,,,A,,,,,,,,,,,,,,,,,,,,,N,admin,1980-01-01 00:00:00.000,manager2,2024-03-16 16:27:15.887,sub,2023-05-02 07:28:55.483,,
"5E314873D8FD406295E56A03DB058F7A",DEFAULT,"1353636(RM)","1353636(RM)","3E8681F4FED24DFF975CD3A48EDA1055","10DAF67FED0F41459216FAD276BD5006",,N,,,,,,N,#a2f4fa,,,,,,,,,,,,B,,,,,,,,,,,,,,,,,,,,,N,admin,1980-01-01 00:00:00.000,manager2,2024-03-16 16:28:10.620,sub,2023-05-02 07:28:55.483,,
"5E33F990F2194F408780355BCA742290",DEFAULT,"9303118","9303118","3E8681F4FED24DFF975CD3A48EDA1055","10DAF67FED0F41459216FAD276BD5006",,N,,,,,,N,#9cadf7,,,,,,,,,,,,S,,,,,,,,,,,,,,,,,,,,,N,admin,1980-01-01 00:00:00.000,manager2,2024-03-16 16:28:10.343,sub,2023-05-02 07:28:55.483,,
"5E7A3FD0217D476EA970B4735A1DA1BB",DEFAULT,"9302813","9302813","3E8681F4FED24DFF975CD3A48EDA1055","10DAF67FED0F41459216FAD276BD5006",,N,,,,,,N,#bba0fa,,,,,,,,,,,,A,,,,,,,,,,,,,,,,,,,,,N,admin,1980-01-01 00:00:00.000,manager2,2024-03-16 16:28:10.260,sub,2023-05-02 07:28:55.483,,
"5F0D8B32969F423998B998FEC7763490",DEFAULT,"9303180","9303180","3E8681F4FED24DFF975CD3A48EDA1055","10DAF67FED0F41459216FAD276BD5006",,N,,,,,,N,#f197fc,,,,,,,,,,,,S,,,,,,,,,,,,,,,,,,,,,N,admin,1980-01-01 00:00:00.000,manager2,2024-03-16 16:27:16.073,sub,2023-05-02 07:28:55.483,,
"5F8998A6B7604CECA6075E00356617EE",DEFAULT,"1353712(RM)","1353712(RM)","3E8681F4FED24DFF975CD3A48EDA1055","10DAF67FED0F41459216FAD276BD5006",,N,,,,,,N,#fc7eb3,,,,,,,,,,,,B,,,,,,,,,,,,,,,,,,,,,N,admin,1980-01-01 00:00:00.000,manager2,2024-03-16 16:28:10.633,sub,2023-05-02 07:28:55.483,,
"606FB9AF7FE94F7989CEE79C41BED1F4",DEFAULT,"1353525","1353525",C61A072671514AACAF334891639A817A,"10DAF67FED0F41459216FAD276BD5006",,N,,,,,,N,#ccc8ca,,,,,,,,Green,A,,,C,,,,,,,,,,,,,,,,,,,,,N,admin,1980-01-01 00:00:00.000,manager2,2024-03-16 16:27:15.713,sub,2023-05-02 07:28:55.483,,
"60BA6D0532BA4E32B5416DE335DFCF85",DEFAULT,"43255","43255","2D4F3F5E00814B2381F452AD730AB25C","10DAF67FED0F41459216FAD276BD5006",,Y,,,,,M20180115093415256N654290486137N,Y,,T20210805160957813T576657420232T,,,,BY,A,,Black,C,"5",,A,,,,,Item Group 4,,,,,B,X,,,,,,,,,,N,admin,1980-01-01 00:00:00.000,manager1,2026-04-13 07:43:12.733,manager2,2024-09-12 02:16:19.820,,
"612F9ACC6B004489B98A6808FE84D470",DEFAULT,"9302909","9302909","3E8681F4FED24DFF975CD3A48EDA1055","10DAF67FED0F41459216FAD276BD5006",,N,,,,,,N,#f5fcc0,,,,,,,,,,,,S,,,,,,,,,,,,,,,,,,,,,N,admin,1980-01-01 00:00:00.000,manager2,2024-03-16 16:28:10.277,sub,2023-05-02 07:28:55.483,,
"6214DEF557D347FB9C504A550E555FC7",DEFAULT,"1352925","1352925",C61A072671514AACAF334891639A817A,"10DAF67FED0F41459216FAD276BD5006",,N,,,,,N20180115093144392M514942250218M,N,#fce3a9,,,,,,,,,,,,S,,,,,,,,,,,,,,,,,,,,,N,admin,1980-01-01 00:00:00.000,sharyo,2022-05-26 16:48:48.090,sub,2023-05-02 07:28:55.483,,
"629C245F7BD549368CB6F3D4DA42677A",DEFAULT,"9303059","9303059","3E8681F4FED24DFF975CD3A48EDA1055","10DAF67FED0F41459216FAD276BD5006",,N,,,,,,N,#a4d9fc,,,,,,,,,,,,S,,,,,,,,,,,,,,,,,,,,,N,admin,1980-01-01 00:00:00.000,manager2,2024-03-16 16:28:10.670,sub,2023-05-02 07:28:55.483,,
"63A68F1ACE314A4AB937934007FE9A96",DEFAULT,"1353733","1353733",C61A072671514AACAF334891639A817A,"10DAF67FED0F41459216FAD276BD5006",,N,,,,,,N,#a2f4fa,,,,,,,,Gray,A,,,S,,,,,,,,,,,,,,,,,,,,,N,admin,1980-01-01 00:00:00.000,manager2,2024-03-16 16:27:16.143,sub,2023-05-02 07:28:55.483,,
"63E74FCF68C74C6DBBEABFFE986BB3CD",DEFAULT,"1353450","1353450",C61A072671514AACAF334891639A817A,"10DAF67FED0F41459216FAD276BD5006",,N,,,,,,N,#9cadf7,,,,,,,,,,,,C,,,,,,,,,,,,,,,,,,,,,N,admin,1980-01-01 00:00:00.000,manager2,2024-03-15 09:12:13.690,sub,2023-05-02 07:28:55.483,,
"63E87A1A3C9046C6980E5EC0F438536A",DEFAULT,"9302864","9302864","3E8681F4FED24DFF975CD3A48EDA1055","10DAF67FED0F41459216FAD276BD5006",,N,,,,,,N,#bba0fa,,,,,,,,,,,,C,,,,,,,,,,,,,,,,,,,,,N,admin,1980-01-01 00:00:00.000,manager2,2024-03-16 16:28:10.267,sub,2023-05-02 07:28:55.483,,
"64F6DE79F0364CE690E81C9506F64388",DEFAULT,"1353661","1353661",C61A072671514AACAF334891639A817A,"10DAF67FED0F41459216FAD276BD5006",,N,,,,,,N,#f197fc,,,,,,,,Gray,A,,,A,,,,,,,,,,,,,,,,,,,,,N,admin,1980-01-01 00:00:00.000,manager2,2024-03-16 16:27:16.133,sub,2023-05-02 07:28:55.483,,
"65234411BEE44ED393213D5B8BE31658",DEFAULT,"9302599","9302599","3E8681F4FED24DFF975CD3A48EDA1055","10DAF67FED0F41459216FAD276BD5006",,N,,,,,,N,#fc7eb3,,,,,,,,,,,,A,,,,,,,,,,,,,,,,,,,,,N,admin,1980-01-01 00:00:00.000,manager2,2024-03-16 16:28:10.223,sub,2023-05-02 07:28:55.483,,
"66683328831F41ACA8889D33806544E4",DEFAULT,"9302767","9302767","3E8681F4FED24DFF975CD3A48EDA1055","10DAF67FED0F41459216FAD276BD5006",,N,,,,,,N,#ccc8ca,,,,,,,,,,,,A,,,,,,,,,,,,,,,,,,,,,N,admin,1980-01-01 00:00:00.000,manager2,2024-03-16 16:28:10.527,sub,2023-05-02 07:28:55.483,,
"6685A5950D7040688B7F19EC07649661",DEFAULT,"9303083","9303083","3E8681F4FED24DFF975CD3A48EDA1055","10DAF67FED0F41459216FAD276BD5006",,N,,,,,,N,#c6f7d3,,,,,,,,,,,,S,,,,,,,,,,,,,,,,,,,,,N,admin,1980-01-01 00:00:00.000,manager2,2024-03-16 16:28:10.327,sub,2023-05-02 07:28:55.483,,
"673A21DE58804A13BF0A1D4A6D0C7CFB",DEFAULT,"9302735","9302735","3E8681F4FED24DFF975CD3A48EDA1055","10DAF67FED0F41459216FAD276BD5006",,N,,,,,,N,#f5fcc0,,,,,,,,,,,,A,,,,,,,,,,,,,,,,,,,,,N,admin,1980-01-01 00:00:00.000,manager2,2024-03-16 16:28:10.247,sub,2023-05-02 07:28:55.483,,
"6793BDF07AAB4F5391432A04FE8DCBBA",DEFAULT,"9302377","9302377","3E8681F4FED24DFF975CD3A48EDA1055","10DAF67FED0F41459216FAD276BD5006",,N,,,,,,N,#fce3a9,,,,,,,,,,,,C,,,,,,,,,,,,,,,,,,,,,N,admin,1980-01-01 00:00:00.000,manager2,2024-03-16 16:28:10.210,sub,2023-05-02 07:28:55.483,,
"68A3D3F3732B40358600845EAA9E360A",DEFAULT,"1353450(RM)","1353450(RM)","3E8681F4FED24DFF975CD3A48EDA1055","10DAF67FED0F41459216FAD276BD5006",,N,,,,,,N,#a4d9fc,,,,,,,,,,,,S,,,,,,,,,,,,,,,,,,,,,N,admin,1980-01-01 00:00:00.000,manager2,2024-03-16 16:28:10.600,sub,2023-05-02 07:28:55.483,,
"68ED81E9EDED478CB335FD5BC05E32DB",DEFAULT,"41224","41224","2D4F3F5E00814B2381F452AD730AB25C","10DAF67FED0F41459216FAD276BD5006",,Y,,,,,N20180115093144392M514942250218M,Y,,H20210805160947263H325301584715H,,,,BY,C,,Black,A,"18",,A,,,,,Item Group 1,,,,,B,X,,,,,,,,,,N,admin,1980-01-01 00:00:00.000,manager1,2026-04-13 07:43:12.570,sub,2023-05-02 07:28:55.483,,
"68F862471E134090BC3E06CF934B1009",DEFAULT,"9303077","9303077","3E8681F4FED24DFF975CD3A48EDA1055","10DAF67FED0F41459216FAD276BD5006",,N,,,,,,N,#9cadf7,,,,,,,,,,,,A,,,,,,,,,,,,,,,,,,,,,N,admin,1980-01-01 00:00:00.000,manager2,2024-03-16 16:28:10.673,sub,2023-05-02 07:28:55.483,,
"6C45491677654F8298763A34E9C85B44",DEFAULT,"9302695","9302695","3E8681F4FED24DFF975CD3A48EDA1055","10DAF67FED0F41459216FAD276BD5006",,N,,,,,,N,#bba0fa,,,,,,,,,,,,C,,,,,,,,,,,,,,,,,,,,,N,admin,1980-01-01 00:00:00.000,manager2,2024-03-16 16:28:10.520,sub,2023-05-02 07:28:55.483,,
"6CF3A07DDF3F4C26A22AD84E843E0BB3",DEFAULT,"43314","43314","2D4F3F5E00814B2381F452AD730AB25C","10DAF67FED0F41459216FAD276BD5006",,Y,,,,,O20180115093453536N366094183289N,Y,,H20210805160947263H325301584715H,,,,CY,A,,Black,C,"4",,S,,,,,Item Group 4,,,,,C,Y,,,,,,,,,,N,admin,1980-01-01 00:00:00.000,manager1,2026-04-13 07:43:12.743,manager2,2024-09-12 02:16:19.823,,
"6D1AE5DDD59C4AB394B5309C653F2A7D",DEFAULT,"9302598","9302598","3E8681F4FED24DFF975CD3A48EDA1055","10DAF67FED0F41459216FAD276BD5006",,N,,,,,,N,#fc7eb3,,,,,,,,,,,,S,,,,,,,,,,,,,,,,,,,,,N,admin,1980-01-01 00:00:00.000,manager2,2024-03-16 16:28:10.493,sub,2023-05-02 07:28:55.483,,
"6E1AFF53E08D4856ADC28EEA347EC387",DEFAULT,"41410","41410","2D4F3F5E00814B2381F452AD730AB25C","10DAF67FED0F41459216FAD276BD5006",,Y,,,,,O20180115093250863O614186089071N,Y,,U20210805161009608T330049337587T,,,,CZ,C,,Black,B,"4",,A,,,,,Item Group 2,,,,,B,X,,,,,,,,,,N,admin,1980-01-01 00:00:00.000,manager1,2026-04-13 07:43:12.610,sub,2023-05-02 07:28:55.483,,
"6E413F0E2AE545AC837DF813093D2B0C",DEFAULT,"9302428","9302428","3E8681F4FED24DFF975CD3A48EDA1055","10DAF67FED0F41459216FAD276BD5006",,N,,,,,,N,#c6f7d3,,,,,,,,,,,,A,,,,,,,,,,,,,,,,,,,,,N,admin,1980-01-01 00:00:00.000,manager2,2024-03-16 16:28:10.213,sub,2023-05-02 07:28:55.483,,
"6EBD977B2A174D179820AB89CDE162D6",DEFAULT,"9303016","9303016","3E8681F4FED24DFF975CD3A48EDA1055","10DAF67FED0F41459216FAD276BD5006",,N,,,,,,N,#f5fcc0,,,,,,,,,,,,C,,,,,,,,,,,,,,,,,,,,,N,admin,1980-01-01 00:00:00.000,manager2,2024-03-16 16:28:10.303,sub,2023-05-02 07:28:55.483,,
"6EFD269FC3A641858D4435DE9EF12372",DEFAULT,"9302729","9302729","3E8681F4FED24DFF975CD3A48EDA1055","10DAF67FED0F41459216FAD276BD5006",,N,,,,,,N,#fce3a9,,,,,,,,,,,,A,,,,,,,,,,,,,,,,,,,,,N,admin,1980-01-01 00:00:00.000,manager2,2024-03-16 16:28:10.410,sub,2023-05-02 07:28:55.483,,
"6FBCCA5D71D64953A52192D21AC3261E",DEFAULT,"1353443","1353443",C61A072671514AACAF334891639A817A,"10DAF67FED0F41459216FAD276BD5006",,N,,,,,,N,#a4d9fc,,,,,,,,,,,,S,,,,,,,,,,,,,,,,,,,,,N,admin,1980-01-01 00:00:00.000,manager2,2024-03-15 09:12:13.687,sub,2023-05-02 07:28:55.483,,
"6FC9AAA4C86546C98B955F9ACF234875",DEFAULT,"42316","42316","2D4F3F5E00814B2381F452AD730AB25C","10DAF67FED0F41459216FAD276BD5006",,Y,,,,,O20180115093250863O614186089071N,Y,,T20210805160957813T576657420232T,,,,AY,B,,Black,A,"16",,S,,,,,Item Group 2,,,,,B,Y,,,,,,,,,,N,admin,1980-01-01 00:00:00.000,manager1,2026-04-13 07:43:12.633,sub,2023-05-02 07:28:55.483,,
"715E30D2C79F4FA1AFF571EF24C164A1",DEFAULT,"1352926","1352926",C61A072671514AACAF334891639A817A,"10DAF67FED0F41459216FAD276BD5006",,N,,,,,,N,#9cadf7,,,,,,,,,,,,S,,,,,,,,,,,,,,,,,,,,,N,admin,1980-01-01 00:00:00.000,manager2,2024-03-15 09:12:13.523,sub,2023-05-02 07:28:55.483,,
"722DFB31EA5D445F83AD039F8E50CC53",DEFAULT,"43140","43140","2D4F3F5E00814B2381F452AD730AB25C","10DAF67FED0F41459216FAD276BD5006",,Y,,,,,M20180115093415256N654290486137N,Y,,U20210805161009608T330049337587T,,,,BZ,A,,Black,C,"4",,A,,,,,Item Group 4,,,,,A,Y,,,,,,,,,,N,admin,1980-01-01 00:00:00.000,manager1,2026-04-13 07:43:12.723,sub,2023-05-02 07:28:55.483,,
"751FCA288CEF4C5AA89C0CB6A9AC7C73",DEFAULT,"58311","58311","2D4F3F5E00814B2381F452AD730AB25C","54BD56125E6A480E808FC3D27B4BD4D4",,Y,,,,,N20180115093524352M317316025068M,Y,,U20210805160931430T679358429981H,,,,BY,B,,White,B,"5",,A,,,,,Item Group 6,,,,,C,X,,,,,,,,,,N,admin,1980-01-01 00:00:00.000,manager1,2026-04-13 07:43:12.803,manager2,2024-09-12 02:16:19.860,                                ,1000.000
"75D55721EBEE4B75A4C2284C2E47F4B8",DEFAULT,"1353384","1353384",C61A072671514AACAF334891639A817A,"10DAF67FED0F41459216FAD276BD5006",,N,,,,,,N,#fc7eb3,,,,,,,,Green,A,,,S,,,,,,,,,,,,,,,,,,,,,N,admin,1980-01-01 00:00:00.000,manager2,2024-03-16 16:27:16.090,sub,2023-05-02 07:28:55.483,,
"76F5F3DF82FB4DD19FF2D0F21201E8EB",DEFAULT,"1353258","1353258",C61A072671514AACAF334891639A817A,"10DAF67FED0F41459216FAD276BD5006",,N,,,,,,N,#ccc8ca,,,,,,,,,,,,A,,,,,,,,,,,,,,,,,,,,,N,admin,1980-01-01 00:00:00.000,manager2,2024-03-15 09:12:13.547,sub,2023-05-02 07:28:55.483,,
"7739860C42F0494096373B4DE5FDCEDF",DEFAULT,"1353369","1353369",C61A072671514AACAF334891639A817A,"10DAF67FED0F41459216FAD276BD5006",,N,,,,,,N,#c6f7d3,,,,,,,,,,,,S,,,,,,,,,,,,,,,,,,,,,N,admin,1980-01-01 00:00:00.000,manager2,2024-03-15 09:12:13.417,sub,2023-05-02 07:28:55.483,,
"780A52F767424276931856FD6C6D0E04",DEFAULT,"9302882","9302882","3E8681F4FED24DFF975CD3A48EDA1055","10DAF67FED0F41459216FAD276BD5006",,N,,,,,,N,#f5fcc0,,,,,,,,,,,,C,,,,,,,,,,,,,,,,,,,,,N,admin,1980-01-01 00:00:00.000,manager2,2024-03-16 16:28:10.663,sub,2023-05-02 07:28:55.483,,
"7831F936DA9A41F0A766C1F7819B0C2A",DEFAULT,"43608","43608","2D4F3F5E00814B2381F452AD730AB25C","10DAF67FED0F41459216FAD276BD5006",,Y,,,,,O20180115093453536N366094183289N,Y,,T20210805160957813T576657420232T,,,,AY,B,,Black,B,"4",,S,,,,,Item Group 5,,,,,A,Y,,,,,,,,,,N,admin,1980-01-01 00:00:00.000,manager1,2026-04-13 07:43:12.770,manager2,2024-09-12 02:16:19.840,,
"783AA074840C475A8C57AD14F3F5ED51",DEFAULT,"9303196","9303196","3E8681F4FED24DFF975CD3A48EDA1055","10DAF67FED0F41459216FAD276BD5006",,N,,,,,,N,#a4d9fc,,,,,,,,,,,,A,,,,,,,,,,,,,,,,,,,,,N,admin,1980-01-01 00:00:00.000,manager2,2024-03-16 16:28:10.380,sub,2023-05-02 07:28:55.483,,
"784D9C2885B440A8A6C7099A2E4E97F8",DEFAULT,"9301924","9301924","3E8681F4FED24DFF975CD3A48EDA1055","10DAF67FED0F41459216FAD276BD5006",,N,,,,,,N,#a2f4fa,,,,,,,,,,,,S,,,,,,,,,,,,,,,,,,,,,N,admin,1980-01-01 00:00:00.000,manager2,2024-03-16 16:28:10.647,sub,2023-05-02 07:28:55.483,,
"78B1515E0598420C91C9E217C1241536",DEFAULT,"43603","43603","2D4F3F5E00814B2381F452AD730AB25C","10DAF67FED0F41459216FAD276BD5006",,Y,,,,,O20180115093453536N366094183289N,Y,,H20210805160947263H325301584715H,,,,CZ,C,,Black,C,"4",,S,,,,,Item Group 5,,,,,B,Z,,,,,,,,,,N,admin,1980-01-01 00:00:00.000,manager1,2026-04-13 07:43:12.760,manager2,2024-09-12 02:16:19.833,,
"790C49EFDFE54EC8A3CE511F4CA087D3",DEFAULT,"9303165","9303165","3E8681F4FED24DFF975CD3A48EDA1055","10DAF67FED0F41459216FAD276BD5006",,N,,,,,,N,#bba0fa,,,,,,,,,,,,A,,,,,,,,,,,,,,,,,,,,,N,admin,1980-01-01 00:00:00.000,manager2,2024-03-16 16:28:10.373,sub,2023-05-02 07:28:55.483,,
"7969487EB3DA4878B77530CAA5C5FDCF",DEFAULT,"1353734","1353734",C61A072671514AACAF334891639A817A,"10DAF67FED0F41459216FAD276BD5006",,N,,,,,,N,#f197fc,,,,,,,,,,,,C,,,,,,,,,,,,,,,,,,,,,N,admin,1980-01-01 00:00:00.000,,,sub,2023-05-02 07:28:55.483,,
"7A1C668D18B74EA6A585893C1FFEAD65",DEFAULT,"9302802","9302802","3E8681F4FED24DFF975CD3A48EDA1055","10DAF67FED0F41459216FAD276BD5006",,N,,,,,,N,#fc7eb3,,,,,,,,,,,,A,,,,,,,,,,,,,,,,,,,,,N,admin,1980-01-01 00:00:00.000,manager2,2024-03-16 16:28:10.540,sub,2023-05-02 07:28:55.483,,
"7AD1B53C26474A3F8BDE7C72F927A76A",DEFAULT,"41292","41292","2D4F3F5E00814B2381F452AD730AB25C","10DAF67FED0F41459216FAD276BD5006",,Y,,,,,O20180115093250863O614186089071N,Y,,U20210805160931430T679358429981H,,,,CZ,A,,Black,C,"4",,A,,,,,Item Group 1,,,,,C,X,,,,,,,,,,N,admin,1980-01-01 00:00:00.000,manager1,2026-04-13 07:43:12.600,sub,2023-05-02 07:28:55.483,,
"7B96A2EBB7964B6295F1483F798835C3",DEFAULT,"9302768","9302768","3E8681F4FED24DFF975CD3A48EDA1055","10DAF67FED0F41459216FAD276BD5006",,N,,,,,,N,#c6f7d3,,,,,,,,,,,,S,,,,,,,,,,,,,,,,,,,,,N,admin,1980-01-01 00:00:00.000,manager2,2024-03-16 16:28:10.247,sub,2023-05-02 07:28:55.483,,
"7BEEFF96FE3C47D38158BE6BCFDB12B2",DEFAULT,"43075","43075","2D4F3F5E00814B2381F452AD730AB25C","10DAF67FED0F41459216FAD276BD5006",,Y,,,,,M20180115093415256N654290486137N,Y,,T20210805160957813T576657420232T,,,,AY,B,,Black,A,"4",,A,,,,,Item Group 4,,,,,A,X,,,,,,,,,,N,admin,1980-01-01 00:00:00.000,manager1,2026-04-13 07:43:12.720,sub,2023-05-02 07:28:55.483,,
"7D6924513F7B4F1EA550993AECE9E52E",DEFAULT,"9302880","9302880","3E8681F4FED24DFF975CD3A48EDA1055","10DAF67FED0F41459216FAD276BD5006",,N,,,,,,N,#fce3a9,,,,,,,,,,,,C,,,,,,,,,,,,,,,,,,,,,N,admin,1980-01-01 00:00:00.000,manager2,2024-03-16 16:28:10.270,sub,2023-05-02 07:28:55.483,,
"7E27786C9A5E4F29AA8A1D4953E7A356",DEFAULT,"58175","58175","2D4F3F5E00814B2381F452AD730AB25C","54BD56125E6A480E808FC3D27B4BD4D4",,Y,,,,,N20180115093524352M317316025068M,Y,,T20210805160957813T576657420232T,,,,AZ,C,,White,A,"4",,S,,,,,Item Group 6,,,,,A,Z,,,,,,,,,,N,admin,1980-01-01 00:00:00.000,manager1,2026-04-13 07:43:12.797,manager2,2024-09-12 02:16:19.857,                                ,1000.000
"7EEC82557AAE4EC0ACFCE2F2C805BDEB",DEFAULT,"1353592","1353592",C61A072671514AACAF334891639A817A,"10DAF67FED0F41459216FAD276BD5006",,N,,,,,,N,#a2f4fa,,,,,,,,Gray,A,,,A,,,,,,,,,,,,,,,,,,,,,N,admin,1980-01-01 00:00:00.000,manager2,2024-03-16 16:27:16.123,sub,2023-05-02 07:28:55.483,,
"8011A9A10F8A4F15A89A565CD46CAC76",DEFAULT,"1353705","1353705",C61A072671514AACAF334891639A817A,"10DAF67FED0F41459216FAD276BD5006",,N,,,,,,N,#9cadf7,,,,,,,,,,,,C,,,,,,,,,,,,,,,,,,,,,N,admin,1980-01-01 00:00:00.000,manager2,2024-03-15 09:12:13.747,sub,2023-05-02 07:28:55.483,,
"81F365980CAC4386BD1EA9D3C9C5CD3F",DEFAULT,"42851","42851","2D4F3F5E00814B2381F452AD730AB25C","10DAF67FED0F41459216FAD276BD5006",,Y,,,,,O20180115093328536M292317791051M,Y,,U20210805160931430T679358429981H,,,,BY,B,,Black,B,"16",,S,,,,,Item Group 3,,,,,B,Z,,,,,,,,,,N,admin,1980-01-01 00:00:00.000,manager1,2026-04-13 07:43:12.670,sub,2023-05-02 07:28:55.483,,
"81F5FD58E9C140C8B35F492752F1CD14",DEFAULT,"1353380","1353380",C61A072671514AACAF334891639A817A,"10DAF67FED0F41459216FAD276BD5006",,N,,,,,,N,#f197fc,,,,,,,,,,,,A,,,,,,,,,,,,,,,,,,,,,N,admin,1980-01-01 00:00:00.000,manager2,2024-03-15 09:12:13.683,sub,2023-05-02 07:28:55.483,,
"8308FEFAC54D4A258D30112A45501C3C",DEFAULT,"9302626","9302626","3E8681F4FED24DFF975CD3A48EDA1055","10DAF67FED0F41459216FAD276BD5006",,N,,,,,,N,#fc7eb3,,,,,,,,,,,,C,,,,,,,,,,,,,,,,,,,,,N,admin,1980-01-01 00:00:00.000,manager2,2024-03-16 16:28:10.497,sub,2023-05-02 07:28:55.483,,
"8485641403824FDBAF2DF859076A5A68",DEFAULT,"9303178","9303178","3E8681F4FED24DFF975CD3A48EDA1055","10DAF67FED0F41459216FAD276BD5006",,N,,,,,,N,#ccc8ca,,,,,,,,,,,,C,,,,,,,,,,,,,,,,,,,,,N,admin,1980-01-01 00:00:00.000,manager2,2024-03-16 16:27:16.070,sub,2023-05-02 07:28:55.483,,
"84D04FC5F74B4E7AABE925C9D051D379",DEFAULT,"1353660(RM)","1353660(RM)","3E8681F4FED24DFF975CD3A48EDA1055","10DAF67FED0F41459216FAD276BD5006",,N,,,,,,N,#c6f7d3,,,,,,,,,,,,A,,,,,,,,,,,,,,,,,,,,,N,admin,1980-01-01 00:00:00.000,manager2,2024-03-16 16:28:10.627,sub,2023-05-02 07:28:55.483,,
"84DE8520C27A41C4A619A0AF322A987A",DEFAULT,"41875","41875","2D4F3F5E00814B2381F452AD730AB25C","10DAF67FED0F41459216FAD276BD5006",,Y,,,,,O20180115093250863O614186089071N,Y,,T20210805160957813T576657420232T,,,,AY,A,,Blue,A,"4",,S,,,,,Item Group 2,,,,,B,X,,,,,,,,,,N,admin,1980-01-01 00:00:00.000,manager1,2026-04-13 07:43:12.623,sub,2023-05-02 07:28:55.483,,
"8595DE78083E4B899C62F9F40BE868E6",DEFAULT,"40822","40822","2D4F3F5E00814B2381F452AD730AB25C","10DAF67FED0F41459216FAD276BD5006",,Y,,,,,N20180115093144392M514942250218M,Y,,U20210805160931430T679358429981H,,,,CX,B,,Black,C,"16",,S,,,,,Item Group 1,,,,,B,X,,,,,,,,,,N,admin,1980-01-01 00:00:00.000,manager1,2026-04-13 07:41:48.377,sub,2023-05-02 07:28:55.483,,
"85E1A82858554490A63EBF4445564081",DEFAULT,"1353523","1353523",C61A072671514AACAF334891639A817A,"10DAF67FED0F41459216FAD276BD5006",,N,,,,,,N,#a4d9fc,,,,,,,,Green,A,,,S,,,,,,,,,,,,,,,,,,,,,N,admin,1980-01-01 00:00:00.000,manager2,2024-03-16 16:27:15.710,sub,2023-05-02 07:28:55.483,,
"874B0A26F85F4E85AB394CF86ED35276",DEFAULT,"9302548","9302548","3E8681F4FED24DFF975CD3A48EDA1055","10DAF67FED0F41459216FAD276BD5006",,N,,,,,,N,#a2f4fa,,,,,,,,,,,,B,,,,,,,,,,,,,,,,,,,,,N,admin,1980-01-01 00:00:00.000,manager2,2024-03-16 16:28:10.383,sub,2023-05-02 07:28:55.483,,
"882014666818474FBA4D540D672F44F3",DEFAULT,"1353370","1353370",C61A072671514AACAF334891639A817A,"10DAF67FED0F41459216FAD276BD5006",,N,,,,,,N,#9cadf7,,,,,,,,Green,A,test,,A,,,,,,,,,,,,,,,,,,,,,N,admin,1980-01-01 00:00:00.000,manager2,2024-03-16 16:27:16.087,sub,2023-05-02 07:28:55.483,,
"8840C3326D99411D8C4A253042456ABA",DEFAULT,"9303195","9303195","3E8681F4FED24DFF975CD3A48EDA1055","10DAF67FED0F41459216FAD276BD5006",,N,,,,,,N,#bba0fa,,,,,,,,,,,,S,,,,,,,,,,,,,,,,,,,,,N,admin,1980-01-01 00:00:00.000,manager2,2024-03-16 16:28:10.377,sub,2023-05-02 07:28:55.483,,
"886512633EE64E7CBBDE479DB7713F05",DEFAULT,"9302883","9302883","3E8681F4FED24DFF975CD3A48EDA1055","10DAF67FED0F41459216FAD276BD5006",,N,,,,,,N,#f197fc,,,,,,,,,,,,B,,,,,,,,,,,,,,,,,,,,,N,admin,1980-01-01 00:00:00.000,manager2,2024-03-16 16:28:10.273,sub,2023-05-02 07:28:55.483,,
"89311AA32357401DA7975C794A3BB830",DEFAULT,"43479","43479","2D4F3F5E00814B2381F452AD730AB25C","10DAF67FED0F41459216FAD276BD5006",,Y,,,,,O20180115093453536N366094183289N,Y,,U20210805161009608T330049337587T,,,,CX,B,,Black,C,"4",,A,,,,,Item Group 5,,,,,B,Y,,,,,,,,,,N,admin,1980-01-01 00:00:00.000,manager1,2026-04-13 07:43:12.757,manager2,2024-09-12 02:16:19.827,,
"893E68A8696D407D98AEE35139A0353B",DEFAULT,"9302734","9302734","3E8681F4FED24DFF975CD3A48EDA1055","10DAF67FED0F41459216FAD276BD5006",,N,,,,,,N,#ccc8ca,,,,,,,,,,,,S,,,,,,,,,,,,,,,,,,,,,N,admin,1980-01-01 00:00:00.000,manager2,2024-03-16 16:28:10.523,sub,2023-05-02 07:28:55.483,,
"8B68B8CCFF6E4CAFB10959E9BFBA5D73",DEFAULT,"1353735","1353735",C61A072671514AACAF334891639A817A,"10DAF67FED0F41459216FAD276BD5006",,N,,,,,,N,#c6f7d3,,,,,,,,,,,,A,,,,,,,,,,,,,,,,,,,,,N,admin,1980-01-01 00:00:00.000,manager2,2024-03-15 09:12:13.600,sub,2023-05-02 07:28:55.483,,
"8CCE43D06A4F42C7BB795D023E5726C2",DEFAULT,"1353708(RM)","1353708(RM)","3E8681F4FED24DFF975CD3A48EDA1055","10DAF67FED0F41459216FAD276BD5006",,N,,,,,,N,#f5fcc0,,,,,,,,,,,,A,,,,,,,,,,,,,,,,,,,,,N,admin,1980-01-01 00:00:00.000,manager2,2024-03-16 16:28:10.630,sub,2023-05-02 07:28:55.483,,
"8DFC631279C34804861BE33AC4F1498E",DEFAULT,"9302937","9302937","3E8681F4FED24DFF975CD3A48EDA1055","10DAF67FED0F41459216FAD276BD5006",,N,,,,,,N,#fce3a9,,,,,,,,,,,,S,,,,,,,,,,,,,,,,,,,,,N,admin,1980-01-01 00:00:00.000,manager2,2024-03-16 16:28:10.277,sub,2023-05-02 07:28:55.483,,
"8E179AD8D09D44E994331AB2FA4A950D",DEFAULT,"1353335","1353335",C61A072671514AACAF334891639A817A,"10DAF67FED0F41459216FAD276BD5006",,N,,,,,,N,#a4d9fc,,,,,,,,Green,A,,,S,,,,,,,,,,,,,,,,,,,,,N,admin,1980-01-01 00:00:00.000,manager2,2024-03-16 16:27:16.087,sub,2023-05-02 07:28:55.483,,
"8EB05547586B429EA3B58E362B08285D",DEFAULT,"1353201(RM)","1353201(RM)","3E8681F4FED24DFF975CD3A48EDA1055","10DAF67FED0F41459216FAD276BD5006",,N,,,,,,N,#a2f4fa,,,,,,,,,,,,S,,,,,,,,,,,,,,,,,,,,,N,admin,1980-01-01 00:00:00.000,manager2,2024-03-16 16:28:10.593,sub,2023-05-02 07:28:55.483,,
"8EB6B8798F8544D5ABE041F59E232961",DEFAULT,"9302302","9302302","3E8681F4FED24DFF975CD3A48EDA1055","10DAF67FED0F41459216FAD276BD5006",,N,,,,,,N,#9cadf7,,,,,,,,,,,,S,,,,,,,,,,,,,,,,,,,,,N,admin,1980-01-01 00:00:00.000,manager2,2024-03-16 16:28:10.207,sub,2023-05-02 07:28:55.483,,
"8F2C6CDDA3BB4573A8D11527E5D44026",DEFAULT,"9301590","9301590","3E8681F4FED24DFF975CD3A48EDA1055","10DAF67FED0F41459216FAD276BD5006",,N,,,,,,N,#bba0fa,,,,,,,,,,,,A,,,,,,,,,,,,,,,,,,,,,N,admin,1980-01-01 00:00:00.000,manager2,2024-03-16 16:28:10.640,sub,2023-05-02 07:28:55.483,,
"8F3C894A3A2344C997E7784355387A19",DEFAULT,"9302951","9302951","3E8681F4FED24DFF975CD3A48EDA1055","10DAF67FED0F41459216FAD276BD5006",,N,,,,,,N,#f197fc,,,,,,,,,,,,B,,,,,,,,,,,,,,,,,,,,,N,admin,1980-01-01 00:00:00.000,manager2,2024-03-16 16:27:15.933,sub,2023-05-02 07:28:55.483,,
"8FD1E39F8E06411EA18024B01CAD7B34",DEFAULT,"41288","41288","2D4F3F5E00814B2381F452AD730AB25C","10DAF67FED0F41459216FAD276BD5006",,Y,,,,2024-09-30 00:00:00.000,O20180115093250863O614186089071N,Y,,U20210805160931430T679358429981H,,,,AX,C,,Black,B,"4",,A,,,,,Item Group 1,,,,,A,X,,,,,,,,,,N,admin,1980-01-01 00:00:00.000,manager1,2026-04-13 07:43:12.590,sub,2023-05-02 07:28:55.483,,
"901884C8BB184F6183EE1FCE1B85FDAC",DEFAULT,"9302191","9302191","3E8681F4FED24DFF975CD3A48EDA1055","10DAF67FED0F41459216FAD276BD5006",,N,,,,,,N,#ccc8ca,,,,,,,,,,,,S,,,,,,,,,,,,,,,,,,,,,N,admin,1980-01-01 00:00:00.000,manager2,2024-03-16 16:28:10.207,sub,2023-05-02 07:28:55.483,,
"90A5872242344E31B09C9A806BCA0AB2",DEFAULT,"9302803","9302803","3E8681F4FED24DFF975CD3A48EDA1055","10DAF67FED0F41459216FAD276BD5006",,N,,,,,,N,#c6f7d3,,,,,,,,,,,,B,,,,,,,,,,,,,,,,,,,,,N,admin,1980-01-01 00:00:00.000,manager2,2024-03-16 16:28:10.253,sub,2023-05-02 07:28:55.483,,
"9139DDBAADFE451D9388F65A0CB1B1B2",DEFAULT,"1353428","1353428",C61A072671514AACAF334891639A817A,"10DAF67FED0F41459216FAD276BD5006",,N,,,,,,N,#f5fcc0,,,,,,,,Green,A,,,S,,,,,,,,,,,,,,,,,,,,,N,admin,1980-01-01 00:00:00.000,manager2,2024-03-16 16:27:16.090,sub,2023-05-02 07:28:55.483,,
"91856180528D4FB5BD2514CF9D0EA5DE",DEFAULT,"1353378","1353378",C61A072671514AACAF334891639A817A,"10DAF67FED0F41459216FAD276BD5006",,N,,,,,,N,#fce3a9,,,,,,,,,,,,S,,,,,,,,,,,,,,,,,,,,,N,admin,1980-01-01 00:00:00.000,,,sub,2023-05-02 07:28:55.483,,
"9197B5DDB9E646DFB45501795DAB265A",DEFAULT,"1353497(RM)","1353497(RM)","3E8681F4FED24DFF975CD3A48EDA1055","10DAF67FED0F41459216FAD276BD5006",,N,,,,,,N,#a4d9fc,,,,,,,,,,,,S,,,,,,,,,,,,,,,,,,,,,N,admin,1980-01-01 00:00:00.000,manager2,2024-03-16 16:28:10.600,sub,2023-05-02 07:28:55.483,,
"92D640A8347C47BFAAFDAE96F4E80337",DEFAULT,"1353257","1353257",C61A072671514AACAF334891639A817A,"10DAF67FED0F41459216FAD276BD5006",,N,,,,,,N,#a2f4fa,,,,,,,,,,,,C,,,,,,,,,,,,,,,,,,,,,N,admin,1980-01-01 00:00:00.000,,,sub,2023-05-02 07:28:55.483,,
"940AD824782F46A2BFB02723244A64EF",DEFAULT,"1353347","1353347",C61A072671514AACAF334891639A817A,"10DAF67FED0F41459216FAD276BD5006",,N,,,,,,N,#9cadf7,,,,,,,,,,,,A,,,,,,,,,,,,,,,,,,,,,N,admin,1980-01-01 00:00:00.000,,,sub,2023-05-02 07:28:55.483,,
"94E9ACA17DED4108875D1952BB40DB6F",DEFAULT,"9302972","9302972","3E8681F4FED24DFF975CD3A48EDA1055","10DAF67FED0F41459216FAD276BD5006",,N,,,,,,N,#bba0fa,,,,,,,,,,,,A,,,,,,,,,,,,,,,,,,,,,N,admin,1980-01-01 00:00:00.000,manager2,2024-03-16 16:28:10.287,sub,2023-05-02 07:28:55.483,,
"95F663349D234EB899CC804A43B8E257",DEFAULT,"9302853","9302853","3E8681F4FED24DFF975CD3A48EDA1055","10DAF67FED0F41459216FAD276BD5006",,N,,,,,,N,#f197fc,,,,,,,,,,,,S,,,,,,,,,,,,,,,,,,,,,N,admin,1980-01-01 00:00:00.000,manager2,2024-03-16 16:28:10.263,sub,2023-05-02 07:28:55.483,,
"962BAED0D8334E19BA3EA684ABE15889",DEFAULT,"9303193","9303193","3E8681F4FED24DFF975CD3A48EDA1055","10DAF67FED0F41459216FAD276BD5006",,N,,,,,,N,#fc7eb3,,,,,,,,,,,,S,,,,,,,,,,,,,,,,,,,,,N,admin,1980-01-01 00:00:00.000,manager2,2024-03-16 16:28:10.373,sub,2023-05-02 07:28:55.483,,
"96DC05381EFA4D9D816296F5CAB48EC7",DEFAULT,"9303042","9303042","3E8681F4FED24DFF975CD3A48EDA1055","10DAF67FED0F41459216FAD276BD5006",,N,,,,,,N,#ccc8ca,,,,,,,,,,,,B,,,,,,,,,,,,,,,,,,,,,N,admin,1980-01-01 00:00:00.000,manager2,2024-03-16 16:28:10.310,sub,2023-05-02 07:28:55.483,,
"96FE42A0645643CC80A2E67789429223",DEFAULT,"41213","41213","2D4F3F5E00814B2381F452AD730AB25C","10DAF67FED0F41459216FAD276BD5006",,Y,,,,,N20180115093144392M514942250218M,Y,,T20210805160957813T576657420232T,,,,CY,C,,Black,A,"5",,S,,,,,Item Group 1,,,,,B,X,,,,,,,,,,N,admin,1980-01-01 00:00:00.000,manager1,2026-04-13 07:43:12.567,sub,2023-05-02 07:28:55.483,,
"97BE5AAF7C624AC1B1D194125B94E58B",DEFAULT,"9302732","9302732","3E8681F4FED24DFF975CD3A48EDA1055","10DAF67FED0F41459216FAD276BD5006",,N,,,,,,N,#f5fcc0,,,,,,,,,,,,A,,,,,,,,,,,,,,,,,,,,,N,admin,1980-01-01 00:00:00.000,manager2,2024-03-16 16:28:10.523,sub,2023-05-02 07:28:55.483,,
"980A21D8286646E7857BED75331CD4E9",DEFAULT,"9303062","9303062","3E8681F4FED24DFF975CD3A48EDA1055","10DAF67FED0F41459216FAD276BD5006",,N,,,,,,N,#fce3a9,,,,,,,,,,,,S,,,,,,,,,,,,,,,,,,,,,N,admin,1980-01-01 00:00:00.000,manager2,2024-03-16 16:28:10.320,sub,2023-05-02 07:28:55.483,,
"981657FF9896446F9F14FDABC816CE3A",DEFAULT,"9302048","9302048","3E8681F4FED24DFF975CD3A48EDA1055","10DAF67FED0F41459216FAD276BD5006",,N,,,,,,N,#a4d9fc,,,,,,,,,,,,S,,,,,,,,,,,,,,,,,,,,,N,admin,1980-01-01 00:00:00.000,manager2,2024-03-16 16:28:10.647,sub,2023-05-02 07:28:55.483,,
"985715B86D7F4DD6ACB92F0CE5C9307D",DEFAULT,"9302689","9302689","3E8681F4FED24DFF975CD3A48EDA1055","10DAF67FED0F41459216FAD276BD5006",,N,,,,,,N,#a2f4fa,,,,,,,,,,,,B,,,,,,,,,,,,,,,,,,,,,N,admin,1980-01-01 00:00:00.000,manager2,2024-03-16 16:28:10.507,sub,2023-05-02 07:28:55.483,,
"9A09C0CA40B74908B2932804713ED883",DEFAULT,"1353201","1353201",C61A072671514AACAF334891639A817A,"10DAF67FED0F41459216FAD276BD5006",,N,,,,,,N,#9cadf7,,,,,,,,,,,,B,,,,,,,,,,,,,,,,,,,,,N,admin,1980-01-01 00:00:00.000,manager2,2024-03-15 09:12:13.670,sub,2023-05-02 07:28:55.483,,
"9BB3830F3F2243399C0302037AEE48FE",DEFAULT,"9302376","9302376","3E8681F4FED24DFF975CD3A48EDA1055","10DAF67FED0F41459216FAD276BD5006",,N,,,,,,N,#bba0fa,,,,,,,,,,,,S,,,,,,,,,,,,,,,,,,,,,N,admin,1980-01-01 00:00:00.000,manager2,2024-03-16 16:28:10.210,sub,2023-05-02 07:28:55.483,,
"9CA61D85A48F48CC9A994098FD6E85DC",DEFAULT,"9302959","9302959","3E8681F4FED24DFF975CD3A48EDA1055","10DAF67FED0F41459216FAD276BD5006",,N,,,,,,N,#f197fc,,,,,,,,,,,,B,,,,,,,,,,,,,,,,,,,,,N,admin,1980-01-01 00:00:00.000,manager2,2024-03-16 16:28:10.667,sub,2023-05-02 07:28:55.483,,
"9D3FEB02703747D987E01F6F6222153C",DEFAULT,"1353189(RM)","1353189(RM)","3E8681F4FED24DFF975CD3A48EDA1055","10DAF67FED0F41459216FAD276BD5006",,N,,,,,,N,#fc7eb3,,,,,,,,,,,,C,,,,,,,,,,,,,,,,,,,,,N,admin,1980-01-01 00:00:00.000,manager2,2024-03-16 16:28:10.590,sub,2023-05-02 07:28:55.483,,
"9DD9B085DE9D48539EA9B67358495BF8",DEFAULT,"9302429","9302429","3E8681F4FED24DFF975CD3A48EDA1055","10DAF67FED0F41459216FAD276BD5006",,N,,,,,,N,#ccc8ca,,,,,,,,,,,,S,,,,,,,,,,,,,,,,,,,,,N,admin,1980-01-01 00:00:00.000,manager2,2024-03-16 16:28:10.217,sub,2023-05-02 07:28:55.483,,
"9F237858F5D946D4B98BCE3E69FF6EC1",DEFAULT,"9303182","9303182","3E8681F4FED24DFF975CD3A48EDA1055","10DAF67FED0F41459216FAD276BD5006",,N,,,,,,N,#c6f7d3,,,,,,,,,,,,C,,,,,,,,,,,,,,,,,,,,,N,admin,1980-01-01 00:00:00.000,manager2,2024-03-16 16:28:10.590,sub,2023-05-02 07:28:55.483,,
A0DFEEA931084CDEB97FF3AD2CC2EF99,DEFAULT,"9302799","9302799","3E8681F4FED24DFF975CD3A48EDA1055","10DAF67FED0F41459216FAD276BD5006",,N,,,,,,N,#f5fcc0,,,,,,,,,,,,C,,,,,,,,,,,,,,,,,,,,,N,admin,1980-01-01 00:00:00.000,manager2,2024-03-16 16:28:10.253,sub,2023-05-02 07:28:55.483,,
A1148A9A2DD0470C94664675B6C78887,DEFAULT,"1353579","1353579",C61A072671514AACAF334891639A817A,"10DAF67FED0F41459216FAD276BD5006",,N,,,,,,N,#fce3a9,,,,,,,,,,,,A,,,,,,,,,,,,,,,,,,,,,N,admin,1980-01-01 00:00:00.000,,,sub,2023-05-02 07:28:55.483,,
A121949AE6204F458DD89517D74C2735,DEFAULT,"1353443(RM)","1353443(RM)","3E8681F4FED24DFF975CD3A48EDA1055","10DAF67FED0F41459216FAD276BD5006",,N,,,,,,N,#a4d9fc,,,,,,,,,,,,A,,,,,,,,,,,,,,,,,,,,,N,admin,1980-01-01 00:00:00.000,manager2,2024-03-16 16:28:10.600,sub,2023-05-02 07:28:55.483,,
A2E4FC78D8B44408BB112018352DA1E6,DEFAULT,"1353524","1353524",C61A072671514AACAF334891639A817A,"10DAF67FED0F41459216FAD276BD5006",,N,,,,,,N,#a2f4fa,,,,,,,,,,,,A,,,,,,,,,,,,,,,,,,,,,N,admin,1980-01-01 00:00:00.000,manager2,2024-03-15 09:12:13.573,sub,2023-05-02 07:28:55.483,,
A2EC9A7BC7174F2EB555393C34D1D423,DEFAULT,"1353547","1353547",C61A072671514AACAF334891639A817A,"10DAF67FED0F41459216FAD276BD5006",,N,,,,,,N,#9cadf7,,,,,,,,Green,A,,,A,,,,,,,,,,,,,,,,,,,,,N,admin,1980-01-01 00:00:00.000,manager2,2024-03-16 16:27:16.117,sub,2023-05-02 07:28:55.483,,
A3401404E36441E08F5474070619A815,DEFAULT,"59382","59382","2D4F3F5E00814B2381F452AD730AB25C","54BD56125E6A480E808FC3D27B4BD4D4",,Y,,,,,N20180115093524352M317316025068M,Y,,U20210805160931430T679358429981H,,,,CZ,S,,Blue,C,"4",,A,,,,,Item Group 6,,,,,B,Z,,,,,,,,,,N,admin,1980-01-01 00:00:00.000,manager1,2026-04-13 07:47:30.567,manager2,2024-09-12 02:16:19.867,                                ,
A417D745B6634923A1C669095C75277A,DEFAULT,"41659","41659","2D4F3F5E00814B2381F452AD730AB25C","10DAF67FED0F41459216FAD276BD5006",,Y,,,,,O20180115093250863O614186089071N,Y,,U20210805161009608T330049337587T,,,,AY,B,,Black,C,"3",,A,,,,,Item Group 2,,,,,A,X,,,,,,,,,,N,admin,1980-01-01 00:00:00.000,manager1,2026-04-13 07:43:12.613,sub,2023-05-02 07:28:55.483,,
A43E14C079AD4861A0114B99B8029068,DEFAULT,"1353787","1353787",C61A072671514AACAF334891639A817A,"10DAF67FED0F41459216FAD276BD5006",,N,,,,,,N,#ccc8ca,,,,,,,,Gray,A,,,S,,,,,,,,,,,,,,,,,,,,,N,admin,1980-01-01 00:00:00.000,manager2,2024-03-16 16:27:16.150,sub,2023-05-02 07:28:55.483,,
A4C6D956507448238F9DA289CE81431A,DEFAULT,"9302497","9302497","3E8681F4FED24DFF975CD3A48EDA1055","10DAF67FED0F41459216FAD276BD5006",,N,,,,,,N,#c6f7d3,,,,,,,,,,,,S,,,,,,,,,,,,,,,,,,,,,N,admin,1980-01-01 00:00:00.000,manager2,2024-03-16 16:27:15.840,sub,2023-05-02 07:28:55.483,,
A6789895A0394C63A6A0E90976187BD0,DEFAULT,"43629","43629","2D4F3F5E00814B2381F452AD730AB25C","54BD56125E6A480E808FC3D27B4BD4D4",,Y,,,,,N20180115093524352M317316025068M,Y,,U20210805161009608T330049337587T,,,,BZ,B,,White,C,"5",,A,,,,,Item Group 5,,,,,C,Z,,,,,,,,,,N,admin,1980-01-01 00:00:00.000,manager1,2026-04-13 07:43:12.777,manager2,2024-09-12 02:16:19.847,                                ,500.000
A7748CFEB3D44A4BB26701A305350A27,DEFAULT,"1353580","1353580",C61A072671514AACAF334891639A817A,"10DAF67FED0F41459216FAD276BD5006",,N,,,,,,N,#fce3a9,,,,,,,,,,,,S,,,,,,,,,,,,,,,,,,,,,N,admin,1980-01-01 00:00:00.000,manager2,2024-03-15 09:12:13.580,sub,2023-05-02 07:28:55.483,,
A9CF7B838A544ADA9E641DC2DA7FB413,DEFAULT,"1353548","1353548",C61A072671514AACAF334891639A817A,"10DAF67FED0F41459216FAD276BD5006",,N,,,,,,N,#a4d9fc,,,,,,,,Green,A,,,A,,,,,,,,,,,,,,,,,,,,,N,admin,1980-01-01 00:00:00.000,manager2,2024-03-16 16:27:16.120,sub,2023-05-02 07:28:55.483,,
A9DC7F19574B497793E3742C77916981,DEFAULT,"9302855","9302855","3E8681F4FED24DFF975CD3A48EDA1055","10DAF67FED0F41459216FAD276BD5006",,N,,,,,,N,#a2f4fa,,,,,,,,,,,,A,,,,,,,,,,,,,,,,,,,,,N,admin,1980-01-01 00:00:00.000,manager2,2024-03-16 16:28:10.663,sub,2023-05-02 07:28:55.483,,
AA03FD6C205A41678824D7F57C057EB7,DEFAULT,"9303017","9303017","3E8681F4FED24DFF975CD3A48EDA1055","10DAF67FED0F41459216FAD276BD5006",,N,,,,,,N,#9cadf7,,,,,,,,,,,,S,,,,,,,,,,,,,,,,,,,,,N,admin,1980-01-01 00:00:00.000,manager2,2024-03-16 16:28:10.567,sub,2023-05-02 07:28:55.483,,
AB2217810C6C4A29BC6E4E53866E214F,DEFAULT,"9302865","9302865","3E8681F4FED24DFF975CD3A48EDA1055","10DAF67FED0F41459216FAD276BD5006",,N,,,,,,N,#bba0fa,,,,,,,,,,,,A,,,,,,,,,,,,,,,,,,,,,N,admin,1980-01-01 00:00:00.000,manager2,2024-03-16 16:28:10.267,sub,2023-05-02 07:28:55.483,,
ACEF6CC86977448BAA93EE75414656C3,DEFAULT,"9303194","9303194","3E8681F4FED24DFF975CD3A48EDA1055","10DAF67FED0F41459216FAD276BD5006",,N,,,,,,N,#f197fc,,,,,,,,,,,,A,,,,,,,,,,,,,,,,,,,,,N,admin,1980-01-01 00:00:00.000,manager2,2024-03-16 16:28:10.377,sub,2023-05-02 07:28:55.483,,
AD8B074818524278B0463A7A412030DE,DEFAULT,"9302985","9302985","3E8681F4FED24DFF975CD3A48EDA1055","10DAF67FED0F41459216FAD276BD5006",,N,,,,,,N,#fc7eb3,,,,,,,,,,,,C,,,,,,,,,,,,,,,,,,,,,N,admin,1980-01-01 00:00:00.000,manager2,2024-03-16 16:28:10.300,sub,2023-05-02 07:28:55.483,,
AE47D01E32F74C4BACAFE1A16E35635B,DEFAULT,"42602","42602","2D4F3F5E00814B2381F452AD730AB25C","10DAF67FED0F41459216FAD276BD5006",,Y,,,,,O20180115093328536M292317791051M,Y,,U20210805160931430T679358429981H,,,,BZ,A,,Black,C,"4",,S,,,,,Item Group 3,,,,,A,X,,,,,,,,,,N,admin,1980-01-01 00:00:00.000,manager1,2026-04-13 07:43:12.660,sub,2023-05-02 07:28:55.483,,
AE8CB3E9646B4B6286DA7038BADAA421,DEFAULT,"9302611","9302611","3E8681F4FED24DFF975CD3A48EDA1055","10DAF67FED0F41459216FAD276BD5006",,N,,,,,,N,#c6f7d3,,,,,,,,,,,,S,,,,,,,,,,,,,,,,,,,,,N,admin,1980-01-01 00:00:00.000,manager2,2024-03-16 16:28:10.227,sub,2023-05-02 07:28:55.483,,
AFC43A3A1BAF4E9DBCC4C294D644FA4E,DEFAULT,"1353763(RM)","1353763(RM)","3E8681F4FED24DFF975CD3A48EDA1055","10DAF67FED0F41459216FAD276BD5006",,N,,,,,,N,#f5fcc0,,,,,,,,,,,,C,,,,,,,,,,,,,,,,,,,,,N,admin,1980-01-01 00:00:00.000,manager2,2024-03-16 16:28:10.637,sub,2023-05-02 07:28:55.483,,
B007DF1AB9BA48CE99C930B83D60AD61,DEFAULT,"9303163","9303163","3E8681F4FED24DFF975CD3A48EDA1055","10DAF67FED0F41459216FAD276BD5006",,N,,,,,,N,#fce3a9,,,,,,,,,,,,A,,,,,,,,,,,,,,,,,,,,,N,admin,1980-01-01 00:00:00.000,manager2,2024-03-16 16:28:10.370,sub,2023-05-02 07:28:55.483,,
B02734604E4C4B35A9E7FD1DA655385B,DEFAULT,"1353638(RM)","1353638(RM)","3E8681F4FED24DFF975CD3A48EDA1055","10DAF67FED0F41459216FAD276BD5006",,N,,,,,,N,#a4d9fc,,,,,,,,,,,,C,,,,,,,,,,,,,,,,,,,,,N,admin,1980-01-01 00:00:00.000,manager2,2024-03-16 16:28:10.623,sub,2023-05-02 07:28:55.483,,
B06078E7CCA04FC2B5A04C1B0AF9C9FE,DEFAULT,"1353653","1353653",C61A072671514AACAF334891639A817A,"10DAF67FED0F41459216FAD276BD5006",,N,,,,,,N,#a2f4fa,,,,,,,,Gray,A,,,A,,,,,,,,,,,,,,,,,,,,,N,admin,1980-01-01 00:00:00.000,manager2,2024-03-16 16:27:16.130,sub,2023-05-02 07:28:55.483,,
B06594EF47EC4EFCB5ACABC4A024ADB4,DEFAULT,"41409","41409","2D4F3F5E00814B2381F452AD730AB25C","10DAF67FED0F41459216FAD276BD5006",,Y,,,,2100-12-31 00:00:00.000,O20180115093250863O614186089071N,Y,,U20210805161009608T330049337587T,,,,CZ,C,,Black,C,"2",,S,,,,,Item Group 1,,,,,C,X,,,,,,,,,,N,admin,1980-01-01 00:00:00.000,manager1,2026-04-13 07:43:12.607,sub,2023-05-02 07:28:55.483,,
B0BE515E3881439490B9E3B411C0F35A,DEFAULT,"9301923","9301923","3E8681F4FED24DFF975CD3A48EDA1055","10DAF67FED0F41459216FAD276BD5006",,N,,,,,,N,#bba0fa,,,,,,,,,,,,C,,,,,,,,,,,,,,,,,,,,,N,admin,1980-01-01 00:00:00.000,manager2,2024-03-16 16:28:10.643,sub,2023-05-02 07:28:55.483,,
B1622499064440438E1A4C7A7CFC5068,DEFAULT,"1353333(RM)","1353333(RM)","3E8681F4FED24DFF975CD3A48EDA1055","10DAF67FED0F41459216FAD276BD5006",,N,,,,,,N,,,,,,,,,,,,,S,,,,,,,,,,,,,,,,,,,,,N,admin,1980-01-01 00:00:00.000,manager2,2024-03-16 16:28:10.593,sub,2023-05-02 07:28:55.483,,
B248C4AFDB8F4F9C8A5B1936675EA97B,DEFAULT,"58179","58179","2D4F3F5E00814B2381F452AD730AB25C","54BD56125E6A480E808FC3D27B4BD4D4",,Y,,,,,N20180115093524352M317316025068M,Y,,U20210805161009608T330049337587T,,,,CX,S,,White,C,"4",,S,,,,,Item Group 6,,,,,B,Y,,,,,,,,,,N,admin,1980-01-01 00:00:00.000,manager1,2026-04-13 07:43:12.800,manager2,2024-09-12 02:16:19.860,                                ,1000.000
B2A5246D7EA74B5C823C58179CF66540,DEFAULT,"1353705(RM)","1353705(RM)","3E8681F4FED24DFF975CD3A48EDA1055","10DAF67FED0F41459216FAD276BD5006",,N,,,,,,N,#ccc8ca,,,,,,,,,,,,A,,,,,,,,,,,,,,,,,,,,,N,admin,1980-01-01 00:00:00.000,manager2,2024-03-16 16:28:10.630,sub,2023-05-02 07:28:55.483,,
B3527B49E4FB40F6B75D92AC86DF8255,DEFAULT,"43642","43642","2D4F3F5E00814B2381F452AD730AB25C","54BD56125E6A480E808FC3D27B4BD4D4",,Y,,,,,N20180115093524352M317316025068M,Y,,U20210805160931430T679358429981H,,,,CZ,S,,White,C,"18",,S,,,,,Item Group 6,,,,,B,X,,,,,,,,,,N,admin,1980-01-01 00:00:00.000,manager1,2026-04-13 07:43:12.783,manager2,2024-09-12 02:16:19.850,                                ,500.000
B353B962D3C7403E912F7183C3C0AB85,DEFAULT,"1352854","1352854",C61A072671514AACAF334891639A817A,"10DAF67FED0F41459216FAD276BD5006",,N,,,,,N20180115093144392M514942250218M,N,#f5fcc0,,,,,,,,,,,,B,,,,,,,,,,,,,,,,,,,,,N,admin,1980-01-01 00:00:00.000,sub,2022-12-12 15:19:37.890,sub,2023-05-02 07:28:55.483,,
B40B660B5EF142028C06E31FBD694360,DEFAULT,"9302602","9302602","3E8681F4FED24DFF975CD3A48EDA1055","10DAF67FED0F41459216FAD276BD5006",,N,,,,,,N,#fce3a9,,,,,,,,,,,,C,,,,,,,,,,,,,,,,,,,,,N,admin,1980-01-01 00:00:00.000,manager2,2024-03-16 16:28:10.650,sub,2023-05-02 07:28:55.483,,
B4153CECB1044836B440103BD1739553,DEFAULT,"43395","43395","2D4F3F5E00814B2381F452AD730AB25C","10DAF67FED0F41459216FAD276BD5006",,Y,,10.000,,,O20180115093453536N366094183289N,Y,,T20210805160957813T576657420232T,,,,CZ,A,,Black,C,"4",,A,,,,,Item Group 5,,,,,C,Z,,,,,,,,,,N,admin,1980-01-01 00:00:00.000,manager1,2026-04-13 07:43:12.753,manager2,2024-09-12 02:16:19.827,,
B41906C7C4BD4A8BB32E9F2D948C24B7,DEFAULT,"9302981","9302981","3E8681F4FED24DFF975CD3A48EDA1055","10DAF67FED0F41459216FAD276BD5006",,N,,,,,,N,#a2f4fa,,,,,,,,,,,,S,,,,,,,,,,,,,,,,,,,,,N,admin,1980-01-01 00:00:00.000,manager2,2024-03-16 16:28:10.560,sub,2023-05-02 07:28:55.483,,
B4337229E7E340DCA3ECFF542FA11281,DEFAULT,"9302804","9302804","3E8681F4FED24DFF975CD3A48EDA1055","10DAF67FED0F41459216FAD276BD5006",,N,,,,,,N,#9cadf7,,,,,,,,,,,,A,,,,,,,,,,,,,,,,,,,,,N,admin,1980-01-01 00:00:00.000,manager2,2024-03-16 16:28:10.540,sub,2023-05-02 07:28:55.483,,
B4557001583B49F99C1287A9E152472C,DEFAULT,"1353497","1353497",C61A072671514AACAF334891639A817A,"10DAF67FED0F41459216FAD276BD5006",,N,,,,,,N,#bba0fa,,,,,,,,,,,,A,,,,,,,,,,,,,,,,,,,,,N,admin,1980-01-01 00:00:00.000,manager2,2024-03-15 09:12:13.693,sub,2023-05-02 07:28:55.483,,
B46947B29D9B4E1AB8B4278DBA887B7E,DEFAULT,"9302629","9302629","3E8681F4FED24DFF975CD3A48EDA1055","10DAF67FED0F41459216FAD276BD5006",,N,,,,,,N,#f197fc,,,,,,,,,,,,S,,,,,,,,,,,,,,,,,,,,,N,admin,1980-01-01 00:00:00.000,manager2,2024-03-16 16:28:10.500,sub,2023-05-02 07:28:55.483,,
B47A8FACE26A4FDDADB558E3345697BC,DEFAULT,"9302728","9302728","3E8681F4FED24DFF975CD3A48EDA1055","10DAF67FED0F41459216FAD276BD5006",,N,,,,,,N,#fc7eb3,,,,,,,,,,,,B,,,,,,,,,,,,,,,,,,,,,N,admin,1980-01-01 00:00:00.000,manager2,2024-03-16 16:27:15.880,sub,2023-05-02 07:28:55.483,,
B69131E05CA2439999AA25C23DC3FAAC,DEFAULT,"1353764","1353764",C61A072671514AACAF334891639A817A,"10DAF67FED0F41459216FAD276BD5006",,N,,,,,,N,#ccc8ca,,,,,,,,Gray,A,,,A,,,,,,,,,,,,,,,,,,,,,N,admin,1980-01-01 00:00:00.000,manager2,2024-03-16 16:27:16.147,sub,2023-05-02 07:28:55.483,,
B7062E9064ED40DD9FDF1BBCAD7489E4,DEFAULT,"1353383","1353383",C61A072671514AACAF334891639A817A,"10DAF67FED0F41459216FAD276BD5006",,N,,,,,,N,#c6f7d3,,,,,,,,,,,,A,,,,,,,,,,,,,,,,,,,,,N,admin,1980-01-01 00:00:00.000,,,sub,2023-05-02 07:28:55.483,,
B7A76B49E5AB483A811CBBF9031927F4,DEFAULT,"1353510","1353510",C61A072671514AACAF334891639A817A,"10DAF67FED0F41459216FAD276BD5006",,N,,,,,,N,#f5fcc0,,,,,,,,,,,,C,,,,,,,,,,,,,,,,,,,,,N,admin,1980-01-01 00:00:00.000,manager2,2024-03-15 09:12:13.700,sub,2023-05-02 07:28:55.483,,
B7D8B6E173EE43FE8A9E8694DF194CFC,DEFAULT,"9302489","9302489","3E8681F4FED24DFF975CD3A48EDA1055","10DAF67FED0F41459216FAD276BD5006",,N,,,,,,N,#fce3a9,,,,,,,,,,,,S,,,,,,,,,,,,,,,,,,,,,N,admin,1980-01-01 00:00:00.000,manager2,2024-03-16 16:28:10.220,sub,2023-05-02 07:28:55.483,,
B84BF14091BB4448B725C5BE00073957,DEFAULT,"1353732","1353732",C61A072671514AACAF334891639A817A,"10DAF67FED0F41459216FAD276BD5006",,N,,,,,,N,#a4d9fc,,,,,,,,Gray,A,,,S,,,,,,,,,,,,,,,,,,,,,N,admin,1980-01-01 00:00:00.000,manager2,2024-03-16 16:27:16.143,sub,2023-05-02 07:28:55.483,,
B856109FA15D4A8097FDA342CAF29784,DEFAULT,"1353189","1353189",C61A072671514AACAF334891639A817A,"10DAF67FED0F41459216FAD276BD5006",,N,,,,,,N,#a2f4fa,,,,,,,,,,,,C,,,,,,,,,,,,,,,,,,,,,N,admin,1980-01-01 00:00:00.000,manager2,2024-03-15 09:12:13.660,sub,2023-05-02 07:28:55.483,,
BA9C85D370DA4BCE9B1889167AAC3B7C,DEFAULT,"1353581","1353581",C61A072671514AACAF334891639A817A,"10DAF67FED0F41459216FAD276BD5006",,N,,,,,,N,#9cadf7,,,,,,,,Green,A,,,A,,,,,,,,,,,,,,,,,,,,,N,admin,1980-01-01 00:00:00.000,manager2,2024-03-16 16:27:16.120,sub,2023-05-02 07:28:55.483,,
BD5EA69FC04D474CBF8AB45E676A81A5,DEFAULT,"41269","41269","2D4F3F5E00814B2381F452AD730AB25C","10DAF67FED0F41459216FAD276BD5006",,Y,,,,,N20180115093144392M514942250218M,Y,,H20210805160947263H325301584715H,,,,AY,C,,Black,A,"16",,S,,,,,Item Group 1,,,,,A,X,,,,,,,,,,N,admin,1980-01-01 00:00:00.000,manager1,2026-04-13 07:43:12.573,sub,2023-05-02 07:28:55.483,,
BD9CD1B3A84C4B9C85FE023EDE5783AB,DEFAULT,"43050","43050","2D4F3F5E00814B2381F452AD730AB25C","10DAF67FED0F41459216FAD276BD5006",,Y,,,,,M20180115093415256N654290486137N,Y,,U20210805161009608T330049337587T,,,,CY,C,,Black,C,"4",,A,,,,,Item Group 4,,,,,B,Z,,,,,,,,,,N,admin,1980-01-01 00:00:00.000,manager1,2026-04-13 07:43:12.717,sub,2023-05-02 07:28:55.483,,
BE2C84F5BEDE47CEB92A8E9A2304BC90,DEFAULT,"9303114","9303114","3E8681F4FED24DFF975CD3A48EDA1055","10DAF67FED0F41459216FAD276BD5006",,N,,,,,,N,#fc7eb3,,,,,,,,,,,,A,,,,,,,,,,,,,,,,,,,,,N,admin,1980-01-01 00:00:00.000,manager2,2024-03-16 16:27:16.043,sub,2023-05-02 07:28:55.483,,
BE7F6D7D6A96419A9BF0E6038D15399C,DEFAULT,"1353558","1353558",C61A072671514AACAF334891639A817A,"10DAF67FED0F41459216FAD276BD5006",,N,,,,,,N,#ccc8ca,,,,,,,,,,,,S,,,,,,,,,,,,,,,,,,,,,N,admin,1980-01-01 00:00:00.000,manager2,2024-03-15 09:12:13.580,sub,2023-05-02 07:28:55.483,,
BECC2DD5A6A540A3941115FA5A0A108E,DEFAULT,"9303015","9303015","3E8681F4FED24DFF975CD3A48EDA1055","10DAF67FED0F41459216FAD276BD5006",,N,,,,,,N,#c6f7d3,,,,,,,,,,,,A,,,,,,,,,,,,,,,,,,,,,N,admin,1980-01-01 00:00:00.000,manager2,2024-03-16 16:28:10.303,sub,2023-05-02 07:28:55.483,,
C042B7D5AC0A4E529F100C74D8D5F1D5,DEFAULT,"9302685","9302685","3E8681F4FED24DFF975CD3A48EDA1055","10DAF67FED0F41459216FAD276BD5006",,N,,,,,,N,#f5fcc0,,,,,,,,,,,,A,,,,,,,,,,,,,,,,,,,,,N,admin,1980-01-01 00:00:00.000,manager2,2024-03-16 16:28:10.233,sub,2023-05-02 07:28:55.483,,
C1F9B238F7024B86A3638A8303501C3C,DEFAULT,"9302986","9302986","3E8681F4FED24DFF975CD3A48EDA1055","10DAF67FED0F41459216FAD276BD5006",,N,,,,,,N,#fce3a9,,,,,,,,,,,,A,,,,,,,,,,,,,,,,,,,,,N,admin,1980-01-01 00:00:00.000,manager2,2024-03-16 16:28:10.670,sub,2023-05-02 07:28:55.483,,
C275638488DE4DEDB32144D15AF6ECFA,DEFAULT,"43141","43141","2D4F3F5E00814B2381F452AD730AB25C","10DAF67FED0F41459216FAD276BD5006",,Y,,,,,M20180115093415256N654290486137N,Y,,U20210805160931430T679358429981H,,,,BY,S,,Black,C,"5",,A,,,,,Item Group 4,,,,,B,X,,,,,,,,,,N,admin,1980-01-01 00:00:00.000,manager1,2026-04-13 07:43:12.730,manager2,2024-09-12 02:16:19.813,,
C2CBEFB84A3447118B11478EE49A314C,DEFAULT,"42360","42360","2D4F3F5E00814B2381F452AD730AB25C","10DAF67FED0F41459216FAD276BD5006",,Y,,,,,O20180115093328536M292317791051M,Y,,U20210805161009608T330049337587T,,,,CZ,C,,Black,S,"5",,S,,,,,Item Group 2,,,,,C,X,,,,,,,,,,N,admin,1980-01-01 00:00:00.000,manager1,2026-04-13 07:43:12.637,sub,2023-05-02 07:28:55.483,,
C33770BB9F714BB6AF1494DCA6BA91B9,DEFAULT,"9302542","9302542","3E8681F4FED24DFF975CD3A48EDA1055","10DAF67FED0F41459216FAD276BD5006",,N,,,,,,N,#9cadf7,,,,,,,,,,,,B,,,,,,,,,,,,,,,,,,,,,N,admin,1980-01-01 00:00:00.000,manager2,2024-03-16 16:28:10.483,sub,2023-05-02 07:28:55.483,,
C5523D9B6843474095CB5EE65A612EDF,DEFAULT,"9302461","9302461","3E8681F4FED24DFF975CD3A48EDA1055","10DAF67FED0F41459216FAD276BD5006",,N,,,,,,N,#bba0fa,,,,,,,,,,,,S,,,,,,,,,,,,,,,,,,,,,N,admin,1980-01-01 00:00:00.000,manager2,2024-03-16 16:27:15.820,sub,2023-05-02 07:28:55.483,,
C56D1B980F9D4835A6A3CF99444992A5,DEFAULT,"9302488","9302488","3E8681F4FED24DFF975CD3A48EDA1055","10DAF67FED0F41459216FAD276BD5006",,N,,,,,,N,#f197fc,,,,,,,,,,,,A,,,,,,,,,,,,,,,,,,,,,N,admin,1980-01-01 00:00:00.000,manager2,2024-03-16 16:28:10.220,sub,2023-05-02 07:28:55.483,,
C61FA651920C46739086D6B32D4666FA,DEFAULT,"41874","41874","2D4F3F5E00814B2381F452AD730AB25C","10DAF67FED0F41459216FAD276BD5006",,Y,,,,,O20180115093250863O614186089071N,Y,,H20210805160947263H325301584715H,,,,CY,A,,Blue,A,"38",테스트,S,,,,,Item Group 2,,,,,B,X,,,,,,,,,,N,admin,1980-01-01 00:00:00.000,manager1,2026-04-13 07:43:12.620,sub,2023-05-02 07:28:55.483,,
C7530DFE506346D09BD8B50E1DEEFBC6,DEFAULT,"1353538(RM)","1353538(RM)","3E8681F4FED24DFF975CD3A48EDA1055","10DAF67FED0F41459216FAD276BD5006",,N,,,,,,N,#ccc8ca,,,,,,,,,,,,A,,,,,,,,,,,,,,,,,,,,,N,admin,1980-01-01 00:00:00.000,manager2,2024-03-16 16:28:10.607,sub,2023-05-02 07:28:55.483,,
C8605057C12C4543911E60FE0C182DF6,DEFAULT,"9303089","9303089","3E8681F4FED24DFF975CD3A48EDA1055","10DAF67FED0F41459216FAD276BD5006",,N,,,,,,N,#c6f7d3,,,,,,,,,,,,B,,,,,,,,,,,,,,,,,,,,,N,admin,1980-01-01 00:00:00.000,manager2,2024-03-16 16:28:10.333,sub,2023-05-02 07:28:55.483,,
C97A60A1697A4016957563CF0B82965A,DEFAULT,"1353670(RM)","1353670(RM)","3E8681F4FED24DFF975CD3A48EDA1055","10DAF67FED0F41459216FAD276BD5006",,N,,,,,,N,#f5fcc0,,,,,,,,,,,,S,,,,,,,,,,,,,,,,,,,,,N,admin,1980-01-01 00:00:00.000,manager2,2024-03-16 16:28:10.627,sub,2023-05-02 07:28:55.483,,
CA1866CB9CE14CE2B81D90AA37B8C3B7,DEFAULT,"1352857","1352857",C61A072671514AACAF334891639A817A,"10DAF67FED0F41459216FAD276BD5006",,N,,,,,O20180115093250863O614186089071N,N,#fce3a9,,,,,,,,,,,,C,,,,,,,,,,,,,,,,,,,,,N,admin,1980-01-01 00:00:00.000,sharyo,2022-05-25 13:31:30.803,sub,2023-05-02 07:28:55.483,,
CA9118A204CC4A77B8DB9E440943D534,DEFAULT,"9302960","9302960","3E8681F4FED24DFF975CD3A48EDA1055","10DAF67FED0F41459216FAD276BD5006",,N,,,,,,N,#a4d9fc,,,,,,,,,,,,A,,,,,,,,,,,,,,,,,,,,,N,admin,1980-01-01 00:00:00.000,manager2,2024-03-16 16:28:10.280,sub,2023-05-02 07:28:55.483,,
CB2DE121B1D24C04B74D46132A169BCB,DEFAULT,"9303179","9303179","3E8681F4FED24DFF975CD3A48EDA1055","10DAF67FED0F41459216FAD276BD5006",,N,,,,,,N,#a2f4fa,,,,,,,,,,,,C,,,,,,,,,,,,,,,,,,,,,N,admin,1980-01-01 00:00:00.000,manager2,2024-03-16 16:27:16.070,sub,2023-05-02 07:28:55.483,,
CC00C9E544144A988B611EFE9C9F3C98,DEFAULT,"1353444","1353444",C61A072671514AACAF334891639A817A,"10DAF67FED0F41459216FAD276BD5006",,N,,,,,,N,#9cadf7,,,,,,,,Green,A,,,S,,,,,,,,,,,,,,,,,,,,,N,admin,1980-01-01 00:00:00.000,manager2,2024-03-16 16:27:16.093,sub,2023-05-02 07:28:55.483,,
CC0FCEA018124CC8931A1B6E88D888CF,DEFAULT,"1353651","1353651",C61A072671514AACAF334891639A817A,"10DAF67FED0F41459216FAD276BD5006",,N,,,,,,N,#bba0fa,,,,,,,,,,,,S,,,,,,,,,,,,,,,,,,,,,N,admin,1980-01-01 00:00:00.000,manager2,2024-03-15 09:12:13.590,sub,2023-05-02 07:28:55.483,,
CC41247F91BB4E67B6DA38FCD5C91382,DEFAULT,"9303116","9303116","3E8681F4FED24DFF975CD3A48EDA1055","10DAF67FED0F41459216FAD276BD5006",,N,,,,,,N,#f197fc,,,,,,,,,,,,C,,,,,,,,,,,,,,,,,,,,,N,admin,1980-01-01 00:00:00.000,manager2,2024-03-16 16:28:10.583,sub,2023-05-02 07:28:55.483,,
CCAEB40D87274E7887EBBBC956AF2154,DEFAULT,"9302809","9302809","3E8681F4FED24DFF975CD3A48EDA1055","10DAF67FED0F41459216FAD276BD5006",,N,,,,,,N,#fc7eb3,,,,,,,,,,,,B,,,,,,,,,,,,,,,,,,,,,N,admin,1980-01-01 00:00:00.000,manager2,2024-03-16 16:28:10.260,sub,2023-05-02 07:28:55.483,,
CCD5750910B64D7F8B3BEDC5FA8E938D,DEFAULT,"1352758","1352758",C61A072671514AACAF334891639A817A,"10DAF67FED0F41459216FAD276BD5006",,N,,,,,N20180115093144392M514942250218M,N,#ccc8ca,,,,,,,,,,기타,,A,,,,,,,,,,,,,,,,,,,,,N,admin,1980-01-01 00:00:00.000,sub,2022-12-12 15:19:37.860,sub,2023-05-02 07:28:55.483,,
D16A6AB785CD4D9FBE3E7880E326E60B,DEFAULT,"9303162","9303162","3E8681F4FED24DFF975CD3A48EDA1055","10DAF67FED0F41459216FAD276BD5006",,N,,,,,,N,#c6f7d3,,,,,,,,,,,,A,,,,,,,,,,,,,,,,,,,,,N,admin,1980-01-01 00:00:00.000,manager2,2024-03-16 16:28:10.370,sub,2023-05-02 07:28:55.483,,
D197E8050BB9422B9FD0B334EADE3B23,DEFAULT,"9302738","9302738","3E8681F4FED24DFF975CD3A48EDA1055","10DAF67FED0F41459216FAD276BD5006",,N,,,,,,N,#f5fcc0,,,,,,,,,,,,A,,,,,,,,,,,,,,,,,,,,,N,admin,1980-01-01 00:00:00.000,manager2,2024-03-16 16:28:10.527,sub,2023-05-02 07:28:55.483,,
D197EBD4EB88452DAA1826BA08197BC5,DEFAULT,"42871","42871","2D4F3F5E00814B2381F452AD730AB25C","10DAF67FED0F41459216FAD276BD5006",,Y,,,,,O20180115093328536M292317791051M,Y,,U20210805160931430T679358429981H,,,,BY,A,,Black,C,"4",,S,,,,,Item Group 3,,,,,B,Y,,,,,,,,,,N,admin,1980-01-01 00:00:00.000,manager1,2026-04-13 07:43:12.673,sub,2023-05-02 07:28:55.483,,
D1A8125DD6CE4D9ABA629F5C3C025CAE,DEFAULT,"9303117","9303117","3E8681F4FED24DFF975CD3A48EDA1055","10DAF67FED0F41459216FAD276BD5006",,N,,,,,,N,#a4d9fc,,,,,,,,,,,,A,,,,,,,,,,,,,,,,,,,,,N,admin,1980-01-01 00:00:00.000,manager2,2024-03-16 16:28:10.340,sub,2023-05-02 07:28:55.483,,
D3C6CE2B00504E4FAE825FC42BD3F7F9,DEFAULT,"1353350","1353350",C61A072671514AACAF334891639A817A,"10DAF67FED0F41459216FAD276BD5006",,N,,,,,,N,#a2f4fa,,,,,,,,,,,,S,,,,,,,,,,,,,,,,,,,,,N,admin,1980-01-01 00:00:00.000,manager2,2024-03-15 09:12:13.553,sub,2023-05-02 07:28:55.483,,
D4F7737B1CBD47C29E5CDD7E4CA6D3DE,DEFAULT,"1353710(RM)","1353710(RM)","3E8681F4FED24DFF975CD3A48EDA1055","10DAF67FED0F41459216FAD276BD5006",,N,,,,,,N,#9cadf7,,,,,,,,,,,,A,,,,,,,,,,,,,,,,,,,,,N,admin,1980-01-01 00:00:00.000,manager2,2024-03-16 16:28:10.633,sub,2023-05-02 07:28:55.483,,
D56C65291273439AB3E558E04FD3932C,DEFAULT,"1353540","1353540",C61A072671514AACAF334891639A817A,"10DAF67FED0F41459216FAD276BD5006",,N,,,,,,N,#bba0fa,,,,,,,,Green,A,,,A,,,,,,,,,,,,,,,,,,,,,N,admin,1980-01-01 00:00:00.000,manager2,2024-03-16 16:27:16.113,sub,2023-05-02 07:28:55.483,,
D5C3CA33551A4D5B91D7DF34FA06AF6B,DEFAULT,"9303137","9303137","3E8681F4FED24DFF975CD3A48EDA1055","10DAF67FED0F41459216FAD276BD5006",,N,,,,,,N,#f197fc,,,,,,,,,,,,A,,,,,,,,,,,,,,,,,,,,,N,admin,1980-01-01 00:00:00.000,manager2,2024-03-16 16:28:10.343,sub,2023-05-02 07:28:55.483,,
D6C05777D94F4D759B50B019410F1798,DEFAULT,"9302610","9302610","3E8681F4FED24DFF975CD3A48EDA1055","10DAF67FED0F41459216FAD276BD5006",,N,,,,,,N,#fc7eb3,,,,,,,,,,,,S,,,,,,,,,,,,,,,,,,,,,N,admin,1980-01-01 00:00:00.000,manager2,2024-03-16 16:28:10.223,sub,2023-05-02 07:28:55.483,,
D86F0FAC9AC64E92A4DCDAEC5FEDA07A,DEFAULT,"43667","43667","2D4F3F5E00814B2381F452AD730AB25C","54BD56125E6A480E808FC3D27B4BD4D4",,Y,,,,,N20180115093524352M317316025068M,Y,,T20210805160957813T576657420232T,,,,AY,B,,White,C,"4",,S,,,,,Item Group 6,,,,,A,Z,,,,,,,,,,N,admin,1980-01-01 00:00:00.000,manager1,2026-04-13 07:43:12.793,manager2,2024-09-12 02:16:19.857,                                ,1000.000
D96ECCADED034EBAB9EC3C2EB727640E,DEFAULT,"9302873","9302873","3E8681F4FED24DFF975CD3A48EDA1055","10DAF67FED0F41459216FAD276BD5006",,N,,,,,,N,#c6f7d3,,,,,,,,,,,,B,,,,,,,,,,,,,,,,,,,,,N,admin,1980-01-01 00:00:00.000,manager2,2024-03-16 16:28:10.270,sub,2023-05-02 07:28:55.483,,
D9B622376A6748EF8713578DB3B240F4,DEFAULT,"9302627","9302627","3E8681F4FED24DFF975CD3A48EDA1055","10DAF67FED0F41459216FAD276BD5006",,N,,,,,,N,#f5fcc0,,,,,,,,,,,,S,,,,,,,,,,,,,,,,,,,,,N,admin,1980-01-01 00:00:00.000,manager2,2024-03-16 16:28:10.230,sub,2023-05-02 07:28:55.483,,
DA1C65A7DD204CD6A94BAF9664E023EB,DEFAULT,"41935","41935","2D4F3F5E00814B2381F452AD730AB25C","10DAF67FED0F41459216FAD276BD5006",,Y,,,,,O20180115093250863O614186089071N,Y,,H20210805160947263H325301584715H,,,,AZ,S,,Blue,C,"4",,S,,,,,Item Group 2,,,,,B,Y,,,,,,,,,,N,admin,1980-01-01 00:00:00.000,manager1,2026-04-13 07:43:12.630,sub,2023-05-02 07:28:55.483,,
DCAAD87143434ABEA41177BFC9B586F0,DEFAULT,"9302807","9302807","3E8681F4FED24DFF975CD3A48EDA1055","10DAF67FED0F41459216FAD276BD5006",,N,,,,,,N,#a4d9fc,,,,,,,,,,,,S,,,,,,,,,,,,,,,,,,,,,N,admin,1980-01-01 00:00:00.000,manager2,2024-03-16 16:28:10.660,sub,2023-05-02 07:28:55.483,,
DD32A6D80E2D40A7B538873C961D9E07,DEFAULT,"1353765","1353765",C61A072671514AACAF334891639A817A,"10DAF67FED0F41459216FAD276BD5006",,N,,,,,,N,#a2f4fa,,,,,,,,Gray,A,,,B,,,,,,,,,,,,,,,,,,,,,N,admin,1980-01-01 00:00:00.000,manager2,2024-03-16 16:27:16.150,sub,2023-05-02 07:28:55.483,,
DDF34FA4148A4A95A77C24ED8CB41E9F,DEFAULT,"41289","41289","2D4F3F5E00814B2381F452AD730AB25C","10DAF67FED0F41459216FAD276BD5006",,Y,,,,,N20180115093144392M514942250218M,Y,,U20210805160931430T679358429981H,,,,CY,,,Black,B,"4",,A,,,,,Item Group 1,,,,,B,X,,,,,,,,,,N,admin,1980-01-01 00:00:00.000,manager1,2026-04-13 07:43:12.593,sub,2023-05-02 07:28:55.483,,
DEAE959087BD4498A4B0DB0F8953859A,DEFAULT,"9303039","9303039","3E8681F4FED24DFF975CD3A48EDA1055","10DAF67FED0F41459216FAD276BD5006",,N,,,,,,N,#bba0fa,,,,,,,,,,,,B,,,,,,,,,,,,,,,,,,,,,N,admin,1980-01-01 00:00:00.000,manager2,2024-03-16 16:28:10.307,sub,2023-05-02 07:28:55.483,,
E0D195ABBD514A84A590DE9AF112CC62,DEFAULT,"1353708","1353708",C61A072671514AACAF334891639A817A,"10DAF67FED0F41459216FAD276BD5006",,N,,,,,,N,#f197fc,,,,,,,,,,,,C,,,,,,,,,,,,,,,,,,,,,N,admin,1980-01-01 00:00:00.000,manager2,2024-03-15 09:12:13.750,sub,2023-05-02 07:28:55.483,,
E0EC5D1CF86F4757BB1FB9D082E4CF8F,DEFAULT,"1353638","1353638",C61A072671514AACAF334891639A817A,"10DAF67FED0F41459216FAD276BD5006",,N,,,,,,N,#fc7eb3,,,,,,,,,,,,B,,,,,,,,,,,,,,,,,,,,,N,admin,1980-01-01 00:00:00.000,manager2,2024-03-15 09:12:13.733,sub,2023-05-02 07:28:55.483,,
E1823DD7C8704FDC8D8858B44C2942D9,DEFAULT,"9303068","9303068","3E8681F4FED24DFF975CD3A48EDA1055","10DAF67FED0F41459216FAD276BD5006",,N,,,,,,N,#ccc8ca,,,,,,,,,,,,S,,,,,,,,,,,,,,,,,,,,,N,admin,1980-01-01 00:00:00.000,manager2,2024-03-16 16:28:10.320,sub,2023-05-02 07:28:55.483,,
E3C23CC39146459798234448CFCF8DE0,DEFAULT,"43666","43666","2D4F3F5E00814B2381F452AD730AB25C","54BD56125E6A480E808FC3D27B4BD4D4",,Y,,,,,N20180115093524352M317316025068M,Y,,T20210805160957813T576657420232T,,,,CZ,C,,White,C,"4",,S,,,,,Item Group 6,,,,,B,Y,,,,,,,,,,N,admin,1980-01-01 00:00:00.000,manager1,2026-04-13 07:43:12.790,manager2,2024-09-12 02:16:19.853,                                ,1000.000
E40644F0666F48C584CA979E0CE65058,DEFAULT,"9302805","9302805","3E8681F4FED24DFF975CD3A48EDA1055","10DAF67FED0F41459216FAD276BD5006",,N,,,,,,N,#f5fcc0,,,,,,,,,,,,A,,,,,,,,,,,,,,,,,,,,,N,admin,1980-01-01 00:00:00.000,manager2,2024-03-16 16:28:10.257,sub,2023-05-02 07:28:55.483,,
E43718A014BF45E88DF1BE20B08ECFFA,DEFAULT,"1353538","1353538",C61A072671514AACAF334891639A817A,"10DAF67FED0F41459216FAD276BD5006",,N,,,,,,N,#fce3a9,,,,,,,,,,,,A,,,,,,,,,,,,,,,,,,,,,N,admin,1980-01-01 00:00:00.000,manager2,2024-03-15 09:12:13.700,sub,2023-05-02 07:28:55.483,,
E716607BDF04456BA76B722E8FB2ADCA,DEFAULT,"1353662","1353662",C61A072671514AACAF334891639A817A,"10DAF67FED0F41459216FAD276BD5006",,N,,,,,,N,#a4d9fc,,,,,,,,,,,,B,,,,,,,,,,,,,,,,,,,,,N,admin,1980-01-01 00:00:00.000,,,sub,2023-05-02 07:28:55.483,,
E816344ADA71479BA07AC20E64C6F538,DEFAULT,"1353527","1353527",C61A072671514AACAF334891639A817A,"10DAF67FED0F41459216FAD276BD5006",,N,,,,,,N,#a2f4fa,,,,,,,,,,,,S,,,,,,,,,,,,,,,,,,,,,N,admin,1980-01-01 00:00:00.000,manager2,2024-03-15 09:12:13.577,sub,2023-05-02 07:28:55.483,,
E93A91C7D8444D7B8E2BA3F6C1C327AA,DEFAULT,"9302957","9302957","3E8681F4FED24DFF975CD3A48EDA1055","10DAF67FED0F41459216FAD276BD5006",,N,,,,,,N,#9cadf7,,,,,,,,,,,,S,,,,,,,,,,,,,,,,,,,,,N,admin,1980-01-01 00:00:00.000,manager2,2024-03-16 16:28:10.550,sub,2023-05-02 07:28:55.483,,
E9CE30D8A0CE4E408DB50470C122858D,DEFAULT,"43106","43106","2D4F3F5E00814B2381F452AD730AB25C","10DAF67FED0F41459216FAD276BD5006",,Y,,,,,M20180115093415256N654290486137N,Y,,T20210805160957813T576657420232T,,,,CX,B,,Black,B,"5",,S,,,,,Item Group 4,,,,,B,Z,,,,,,,,,,N,admin,1980-01-01 00:00:00.000,manager1,2026-04-13 07:43:12.720,sub,2023-05-02 07:28:55.483,,
EE17FCB3D86F4412B44B8F1E362C6AB3,DEFAULT,"9303141","9303141","3E8681F4FED24DFF975CD3A48EDA1055","10DAF67FED0F41459216FAD276BD5006",,N,,,,,,N,#f197fc,,,,,,,,,,,,S,,,,,,,,,,,,,,,,,,,,,N,admin,1980-01-01 00:00:00.000,manager2,2024-03-16 16:28:10.353,sub,2023-05-02 07:28:55.483,,
EEC053F6ACF8419C978ADC0BB751BF4D,DEFAULT,"1353670","1353670",C61A072671514AACAF334891639A817A,"10DAF67FED0F41459216FAD276BD5006",,N,,,,,,N,#fc7eb3,,,,,,,,,,,,S,,,,,,,,,,,,,,,,,,,,,N,admin,1980-01-01 00:00:00.000,manager2,2024-03-15 09:12:13.743,sub,2023-05-02 07:28:55.483,,
EECEC48C6212405B840A8579474E3A8B,DEFAULT,"9302543","9302543","3E8681F4FED24DFF975CD3A48EDA1055","10DAF67FED0F41459216FAD276BD5006",,N,,,,,,N,#ccc8ca,,,,,,,,,,,,S,,,,,,,,,,,,,,,,,,,,,N,admin,1980-01-01 00:00:00.000,manager2,2024-03-16 16:28:10.490,sub,2023-05-02 07:28:55.483,,
F281D0F42B3046EC842D12CC3402EE6B,DEFAULT,"1352970","1352970",C61A072671514AACAF334891639A817A,"10DAF67FED0F41459216FAD276BD5006",,N,,,,,,N,#c6f7d3,,,,,,,,Green,A,,,A,,,,,,,,,,,,,,,,,,,,,N,admin,1980-01-01 00:00:00.000,manager2,2024-03-16 16:27:16.083,sub,2023-05-02 07:28:55.483,,
F405CF8EE2FD414B82277544A0C2E668,DEFAULT,"9302906","9302906","3E8681F4FED24DFF975CD3A48EDA1055","10DAF67FED0F41459216FAD276BD5006",,N,,,,,,N,#f5fcc0,,,,,,,,,,,,B,,,,,,,,,,,,,,,,,,,,,N,admin,1980-01-01 00:00:00.000,manager2,2024-03-16 16:28:10.273,sub,2023-05-02 07:28:55.483,,
F6D9A719919344A8BD1D9E51AA93EBBB,DEFAULT,"9303103","9303103","3E8681F4FED24DFF975CD3A48EDA1055","10DAF67FED0F41459216FAD276BD5006",,N,,,,,,N,#fce3a9,,,,,,,,,,,,A,,,,,,,,,,,,,,,,,,,,,N,admin,1980-01-01 00:00:00.000,manager2,2024-03-16 16:28:10.580,sub,2023-05-02 07:28:55.483,,
F830CBC4B9BD47B28B1BAF99CCC17C3E,DEFAULT,"1353380(RM)","1353380(RM)","3E8681F4FED24DFF975CD3A48EDA1055","10DAF67FED0F41459216FAD276BD5006",,N,,,,,,N,#a4d9fc,,,,,,,,,,,,A,,,,,,,,,,,,,,,,,,,,,N,admin,1980-01-01 00:00:00.000,manager2,2024-03-16 16:28:10.597,sub,2023-05-02 07:28:55.483,,
F86BCF91F6964C4BA00F67E645963340,DEFAULT,"1353761(RM)","1353761(RM)","3E8681F4FED24DFF975CD3A48EDA1055","10DAF67FED0F41459216FAD276BD5006",,N,,,,,,N,#a2f4fa,,,,,,,,,,,,S,,,,,,,,,,,,,,,,,,,,,N,admin,1980-01-01 00:00:00.000,manager2,2024-03-16 16:28:10.637,sub,2023-05-02 07:28:55.483,,
F8C2E639BD654EAB9E7F7AE84D085485,DEFAULT,"9303147","9303147","3E8681F4FED24DFF975CD3A48EDA1055","10DAF67FED0F41459216FAD276BD5006",,N,,,,,,N,#9cadf7,,,,,,,,,,,,A,,,,,,,,,,,,,,,,,,,,,N,admin,1980-01-01 00:00:00.000,manager2,2024-03-16 16:28:10.363,sub,2023-05-02 07:28:55.483,,
F924C61D147744C19E0469B86FAF54A7,DEFAULT,"1353714","1353714",C61A072671514AACAF334891639A817A,"10DAF67FED0F41459216FAD276BD5006",,N,,,,,,N,#bba0fa,,,,,,,,,,,,A,,,,,,,,,,,,,,,,,,,,,N,admin,1980-01-01 00:00:00.000,manager2,2024-03-15 09:12:13.597,sub,2023-05-02 07:28:55.483,,
F9D93EAF2EC2469092834BB08437F6E7,DEFAULT,"1353709","1353709",C61A072671514AACAF334891639A817A,"10DAF67FED0F41459216FAD276BD5006",,N,,,,,,N,#f197fc,,,,,,,,Gray,A,,,C,,,,,,,,,,,,,,,,,,,,,N,admin,1980-01-01 00:00:00.000,manager2,2024-03-16 16:27:16.137,sub,2023-05-02 07:28:55.483,,
F9DD3E7FD6B74BB8AFE1969342BCC1D1,DEFAULT,"43607","43607","2D4F3F5E00814B2381F452AD730AB25C","10DAF67FED0F41459216FAD276BD5006",,Y,,,,,O20180115093453536N366094183289N,Y,,T20210805160957813T576657420232T,,,,BY,A,,Black,A,"4",,S,,,,,Item Group 5,,,,,A,Y,,,,,,,,,,N,admin,1980-01-01 00:00:00.000,manager1,2026-04-13 07:43:12.767,manager2,2024-09-12 02:16:19.837,,
F9E8344E8C9146BCA7C792FEA080CA62,DEFAULT,"1353595","1353595",C61A072671514AACAF334891639A817A,"10DAF67FED0F41459216FAD276BD5006",,N,,,,,,N,#ccc8ca,,,,,,,,,,,,A,,,,,,,,,,,,,,,,,,,,,N,admin,1980-01-01 00:00:00.000,manager2,2024-03-15 09:12:13.713,sub,2023-05-02 07:28:55.483,,
FA516699CF9C4FF5B00382630376A91E,DEFAULT,"9303018","9303018","3E8681F4FED24DFF975CD3A48EDA1055","10DAF67FED0F41459216FAD276BD5006",,N,,,,,,N,#c6f7d3,,,,,,,,,,,,A,,,,,,,,,,,,,,,,,,,,,N,admin,1980-01-01 00:00:00.000,manager2,2024-03-16 16:28:10.307,sub,2023-05-02 07:28:55.483,,
FA79071C47FB4B72AF08262E4DC2BAD3,DEFAULT,"9301956","9301956","3E8681F4FED24DFF975CD3A48EDA1055","10DAF67FED0F41459216FAD276BD5006",,N,,,,,,N,#f5fcc0,,,,,,,,,,,,A,,,,,,,,,,,,,,,,,,,,,N,admin,1980-01-01 00:00:00.000,manager2,2024-03-16 16:28:10.203,sub,2023-05-02 07:28:55.483,,
FA8159766F054525A4E5DE7CEB97BD6D,DEFAULT,"1353636","1353636",C61A072671514AACAF334891639A817A,"10DAF67FED0F41459216FAD276BD5006",,N,,,,,,N,#fce3a9,,,,,,,,,,,,C,,,,,,,,,,,,,,,,,,,,,N,admin,1980-01-01 00:00:00.000,manager2,2024-03-15 09:12:13.730,sub,2023-05-02 07:28:55.483,,
FB13129E4DE3455C843B8CFC0DE1A699,DEFAULT,"1353595(RM)","1353595(RM)","3E8681F4FED24DFF975CD3A48EDA1055","10DAF67FED0F41459216FAD276BD5006",,N,,,,,,N,#a4d9fc,,,,,,,,,,,,S,,,,,,,,,,,,,,,,,,,,,N,admin,1980-01-01 00:00:00.000,manager2,2024-03-16 16:28:10.613,sub,2023-05-02 07:28:55.483,,
FB71E0EC08A642CB961AF67DB02962D2,DEFAULT,"9302879","9302879","3E8681F4FED24DFF975CD3A48EDA1055","10DAF67FED0F41459216FAD276BD5006",,N,,,,,,N,#a2f4fa,,,,,,,,,,,,B,,,,,,,,,,,,,,,,,,,,,N,admin,1980-01-01 00:00:00.000,manager2,2024-03-16 16:28:10.547,sub,2023-05-02 07:28:55.483,,
FC07DA20BC3345C3B364F92CBBE055F5,DEFAULT,"9302796","9302796","3E8681F4FED24DFF975CD3A48EDA1055","10DAF67FED0F41459216FAD276BD5006",,N,,,,,,N,#9cadf7,,,,,,,,,,,,A,,,,,,,,,,,,,,,,,,,,,N,admin,1980-01-01 00:00:00.000,manager2,2024-03-16 16:28:10.533,sub,2023-05-02 07:28:55.483,,
FC2BB987EFDA46D6A6396CE246CCAAE0,DEFAULT,"9303084","9303084","3E8681F4FED24DFF975CD3A48EDA1055","10DAF67FED0F41459216FAD276BD5006",,N,,,,,,N,#bba0fa,,,,,,,,,,,,S,,,,,,,,,,,,,,,,,,,,,N,admin,1980-01-01 00:00:00.000,manager2,2024-03-16 16:28:10.327,sub,2023-05-02 07:28:55.483,,
FC78BD7139944BB883EACB2854433096,DEFAULT,"9302690","9302690","3E8681F4FED24DFF975CD3A48EDA1055","10DAF67FED0F41459216FAD276BD5006",,N,,,,,,N,#f197fc,,,,,,,,,,,,A,,,,,,,,,,,,,,,,,,,,,N,admin,1980-01-01 00:00:00.000,manager2,2024-03-16 16:28:10.237,sub,2023-05-02 07:28:55.483,,
FD9D214937A542C8908B139F60DB5FA1,DEFAULT,"9302797","9302797","3E8681F4FED24DFF975CD3A48EDA1055","10DAF67FED0F41459216FAD276BD5006",,N,,,,,,N,#fc7eb3,,,,,,,,,,,,S,,,,,,,,,,,,,,,,,,,,,N,admin,1980-01-01 00:00:00.000,manager2,2024-03-16 16:28:10.250,sub,2023-05-02 07:28:55.483,,
FE710DD4CF7343799E89AF4E9087D395,DEFAULT,"9302852","9302852","3E8681F4FED24DFF975CD3A48EDA1055","10DAF67FED0F41459216FAD276BD5006",,N,,,,,,N,#ccc8ca,,,,,,,,,,,,S,,,,,,,,,,,,,,,,,,,,,N,admin,1980-01-01 00:00:00.000,manager2,2024-03-16 16:28:10.543,sub,2023-05-02 07:28:55.483,,
FF4BF071A288456F99B7A09C5C15304D,DEFAULT,"9302739","9302739","3E8681F4FED24DFF975CD3A48EDA1055","10DAF67FED0F41459216FAD276BD5006",,N,,,,,,N,#c6f7d3,,,,,,,,,,,,B,,,,,,,,,,,,,,,,,,,,,N,admin,1980-01-01 00:00:00.000,manager2,2024-03-16 16:28:10.660,sub,2023-05-02 07:28:55.483,,
